dates,bundesland_id,bundesland_name,landkreis_id,landkreis_name,anzahl_standorte,anzahl_meldebereiche,faelle_covid_aktuell,faelle_covid_aktuell_invasiv_beatmet,intensivbetten_frei,occupancy,intensivbetten_belegt_erwachsen,intensivbetten_frei_erwachsen
2020-04-24,06,Hessen,06435,LK Main-Kinzig-Kreis,4,4,17,10,38,52,52,38
2020-04-25,06,Hessen,06435,LK Main-Kinzig-Kreis,4,4,18,11,31,58,58,31
2020-04-26,06,Hessen,06435,LK Main-Kinzig-Kreis,4,4,21,11,28,61,61,28
2020-04-27,06,Hessen,06435,LK Main-Kinzig-Kreis,4,4,17,10,27,62,62,27
2020-04-28,06,Hessen,06435,LK Main-Kinzig-Kreis,4,4,16,10,27,62,62,27
2020-04-29,06,Hessen,06435,LK Main-Kinzig-Kreis,4,4,17,9,34,55,55,34
2020-04-30,06,Hessen,06435,LK Main-Kinzig-Kreis,4,4,15,9,38,51,51,38
2020-05-01,06,Hessen,06435,LK Main-Kinzig-Kreis,4,4,13,8,42,47,47,42
2020-05-02,06,Hessen,06435,LK Main-Kinzig-Kreis,4,4,13,9,40,49,49,40
2020-05-03,06,Hessen,06435,LK Main-Kinzig-Kreis,4,4,12,9,38,51,51,38
2020-05-04,06,Hessen,06435,LK Main-Kinzig-Kreis,4,4,12,9,33,56,56,33
2020-05-05,06,Hessen,06435,LK Main-Kinzig-Kreis,4,4,12,9,31,57,57,31
2020-05-06,06,Hessen,06435,LK Main-Kinzig-Kreis,4,4,11,8,27,62,62,27
2020-05-07,06,Hessen,06435,LK Main-Kinzig-Kreis,4,4,10,7,36,53,53,36
2020-05-08,06,Hessen,06435,LK Main-Kinzig-Kreis,4,4,10,7,41,48,48,41
2020-05-09,06,Hessen,06435,LK Main-Kinzig-Kreis,4,4,8,6,33,56,56,33
2020-05-10,06,Hessen,06435,LK Main-Kinzig-Kreis,4,4,8,7,31,58,58,31
2020-05-11,06,Hessen,06435,LK Main-Kinzig-Kreis,4,4,8,7,30,59,59,30
2020-05-12,06,Hessen,06435,LK Main-Kinzig-Kreis,4,4,6,5,34,55,55,34
2020-05-13,06,Hessen,06435,LK Main-Kinzig-Kreis,4,4,7,6,37,54,54,37
2020-05-14,06,Hessen,06435,LK Main-Kinzig-Kreis,4,4,5,3,38,51,51,38
2020-05-15,06,Hessen,06435,LK Main-Kinzig-Kreis,4,4,4,3,34,57,57,34
2020-05-16,06,Hessen,06435,LK Main-Kinzig-Kreis,4,4,4,3,39,52,52,39
2020-05-17,06,Hessen,06435,LK Main-Kinzig-Kreis,4,4,4,4,38,53,53,38
2020-05-18,06,Hessen,06435,LK Main-Kinzig-Kreis,4,4,4,4,38,53,53,38
2020-05-19,06,Hessen,06435,LK Main-Kinzig-Kreis,4,5,6,5,35,65,65,35
2020-05-20,06,Hessen,06435,LK Main-Kinzig-Kreis,4,5,6,5,31,69,69,31
2020-05-21,06,Hessen,06435,LK Main-Kinzig-Kreis,4,5,5,5,30,70,70,30
2020-05-22,06,Hessen,06435,LK Main-Kinzig-Kreis,4,5,6,5,28,72,72,28
2020-05-23,06,Hessen,06435,LK Main-Kinzig-Kreis,4,5,4,4,28,72,72,28
2020-05-24,06,Hessen,06435,LK Main-Kinzig-Kreis,4,5,5,3,29,71,71,29
2020-05-25,06,Hessen,06435,LK Main-Kinzig-Kreis,4,5,4,3,35,66,66,35
2020-05-26,06,Hessen,06435,LK Main-Kinzig-Kreis,4,5,4,2,32,67,67,32
2020-05-27,06,Hessen,06435,LK Main-Kinzig-Kreis,4,5,2,2,32,67,67,32
2020-05-28,06,Hessen,06435,LK Main-Kinzig-Kreis,4,5,3,2,37,63,63,37
2020-05-29,06,Hessen,06435,LK Main-Kinzig-Kreis,4,5,4,2,36,64,64,36
2020-05-30,06,Hessen,06435,LK Main-Kinzig-Kreis,4,5,4,2,29,71,71,29
2020-05-31,06,Hessen,06435,LK Main-Kinzig-Kreis,4,5,5,1,28,72,72,28
2020-06-01,06,Hessen,06435,LK Main-Kinzig-Kreis,4,5,3,1,30,71,71,30
2020-06-02,06,Hessen,06435,LK Main-Kinzig-Kreis,4,5,3,2,33,67,67,33
2020-06-03,06,Hessen,06435,LK Main-Kinzig-Kreis,4,5,2,1,38,63,63,38
2020-06-04,06,Hessen,06435,LK Main-Kinzig-Kreis,4,5,2,1,33,66,66,33
2020-06-05,06,Hessen,06435,LK Main-Kinzig-Kreis,4,5,2,1,31,68,68,31
2020-06-06,06,Hessen,06435,LK Main-Kinzig-Kreis,4,5,2,1,34,65,65,34
2020-06-07,06,Hessen,06435,LK Main-Kinzig-Kreis,4,5,2,1,35,65,65,35
2020-06-08,06,Hessen,06435,LK Main-Kinzig-Kreis,4,5,3,1,32,68,68,32
2020-06-09,06,Hessen,06435,LK Main-Kinzig-Kreis,4,5,2,1,27,73,73,27
2020-06-10,06,Hessen,06435,LK Main-Kinzig-Kreis,4,5,2,1,26,73,73,26
2020-06-11,06,Hessen,06435,LK Main-Kinzig-Kreis,4,5,1,1,33,66,66,33
2020-06-12,06,Hessen,06435,LK Main-Kinzig-Kreis,4,5,1,1,35,65,65,35
2020-06-13,06,Hessen,06435,LK Main-Kinzig-Kreis,4,5,1,1,37,62,62,37
2020-06-14,06,Hessen,06435,LK Main-Kinzig-Kreis,4,5,1,1,35,64,64,35
2020-06-15,06,Hessen,06435,LK Main-Kinzig-Kreis,4,5,2,2,30,69,69,30
2020-06-16,06,Hessen,06435,LK Main-Kinzig-Kreis,4,5,2,2,31,68,68,31
2020-06-17,06,Hessen,06435,LK Main-Kinzig-Kreis,4,5,2,2,30,69,69,30
2020-06-18,06,Hessen,06435,LK Main-Kinzig-Kreis,4,5,2,2,35,64,64,35
2020-06-19,06,Hessen,06435,LK Main-Kinzig-Kreis,4,5,1,1,36,63,63,36
2020-06-20,06,Hessen,06435,LK Main-Kinzig-Kreis,4,5,1,1,35,68,68,35
2020-06-21,06,Hessen,06435,LK Main-Kinzig-Kreis,4,5,1,1,35,68,68,35
2020-06-22,06,Hessen,06435,LK Main-Kinzig-Kreis,4,5,1,1,37,67,67,37
2020-06-23,06,Hessen,06435,LK Main-Kinzig-Kreis,4,5,1,1,34,68,68,34
2020-06-24,06,Hessen,06435,LK Main-Kinzig-Kreis,4,5,1,1,34,67,67,34
2020-06-25,06,Hessen,06435,LK Main-Kinzig-Kreis,4,5,1,1,15,67,67,15
2020-06-26,06,Hessen,06435,LK Main-Kinzig-Kreis,4,5,1,1,12,67,67,12
2020-06-27,06,Hessen,06435,LK Main-Kinzig-Kreis,4,5,0,0,12,69,69,12
2020-06-28,06,Hessen,06435,LK Main-Kinzig-Kreis,4,5,0,0,19,63,63,19
2020-06-29,06,Hessen,06435,LK Main-Kinzig-Kreis,4,5,0,0,19,62,62,19
2020-06-30,06,Hessen,06435,LK Main-Kinzig-Kreis,4,5,0,0,20,61,61,20
2020-07-01,06,Hessen,06435,LK Main-Kinzig-Kreis,4,5,0,0,16,65,65,16
2020-07-02,06,Hessen,06435,LK Main-Kinzig-Kreis,4,5,0,0,12,69,69,12
2020-07-03,06,Hessen,06435,LK Main-Kinzig-Kreis,4,5,0,0,13,69,69,13
2020-07-04,06,Hessen,06435,LK Main-Kinzig-Kreis,4,5,1,0,15,66,66,15
2020-07-05,06,Hessen,06435,LK Main-Kinzig-Kreis,4,5,1,0,11,70,70,11
2020-07-06,06,Hessen,06435,LK Main-Kinzig-Kreis,4,5,0,0,12,69,69,12
2020-07-07,06,Hessen,06435,LK Main-Kinzig-Kreis,4,5,0,0,18,63,63,18
2020-07-08,06,Hessen,06435,LK Main-Kinzig-Kreis,4,5,0,0,11,70,70,11
2020-07-09,06,Hessen,06435,LK Main-Kinzig-Kreis,4,5,0,0,12,69,69,12
2020-07-10,06,Hessen,06435,LK Main-Kinzig-Kreis,4,5,1,0,11,68,68,11
2020-07-11,06,Hessen,06435,LK Main-Kinzig-Kreis,4,5,1,0,11,69,69,11
2020-07-12,06,Hessen,06435,LK Main-Kinzig-Kreis,4,5,1,0,11,67,67,11
2020-07-13,06,Hessen,06435,LK Main-Kinzig-Kreis,4,5,1,0,15,64,64,15
2020-07-14,06,Hessen,06435,LK Main-Kinzig-Kreis,4,5,1,0,15,66,66,15
2020-07-15,06,Hessen,06435,LK Main-Kinzig-Kreis,4,5,1,0,12,69,69,12
2020-07-16,06,Hessen,06435,LK Main-Kinzig-Kreis,4,5,3,1,12,70,70,12
2020-07-17,06,Hessen,06435,LK Main-Kinzig-Kreis,4,5,2,1,14,67,67,14
2020-07-18,06,Hessen,06435,LK Main-Kinzig-Kreis,4,5,1,1,13,68,68,13
2020-07-19,06,Hessen,06435,LK Main-Kinzig-Kreis,4,5,1,1,10,73,73,10
2020-07-20,06,Hessen,06435,LK Main-Kinzig-Kreis,4,5,1,1,11,70,70,11
2020-07-21,06,Hessen,06435,LK Main-Kinzig-Kreis,4,5,1,1,17,64,64,17
2020-07-22,06,Hessen,06435,LK Main-Kinzig-Kreis,4,5,1,1,18,63,63,18
2020-07-23,06,Hessen,06435,LK Main-Kinzig-Kreis,4,5,1,1,16,65,65,16
2020-07-24,06,Hessen,06435,LK Main-Kinzig-Kreis,4,5,1,1,12,69,69,12
2020-07-25,06,Hessen,06435,LK Main-Kinzig-Kreis,4,5,1,1,13,68,68,13
2020-07-26,06,Hessen,06435,LK Main-Kinzig-Kreis,4,5,1,1,16,65,65,16
2020-07-27,06,Hessen,06435,LK Main-Kinzig-Kreis,4,5,1,1,14,67,67,14
2020-07-28,06,Hessen,06435,LK Main-Kinzig-Kreis,4,4,2,1,11,62,62,11
2020-07-29,06,Hessen,06435,LK Main-Kinzig-Kreis,4,5,1,1,18,63,59,14
2020-07-30,06,Hessen,06435,LK Main-Kinzig-Kreis,4,7,1,1,20,69,60,13
2020-07-31,06,Hessen,06435,LK Main-Kinzig-Kreis,4,7,1,1,22,67,58,15
2020-08-01,06,Hessen,06435,LK Main-Kinzig-Kreis,4,7,1,1,21,69,59,14
2020-08-02,06,Hessen,06435,LK Main-Kinzig-Kreis,4,7,1,1,22,70,58,15
2020-08-03,06,Hessen,06435,LK Main-Kinzig-Kreis,4,7,1,1,20,68,60,11
2020-08-04,06,Hessen,06435,LK Main-Kinzig-Kreis,4,7,1,1,24,65,61,12
2020-08-05,06,Hessen,06435,LK Main-Kinzig-Kreis,4,7,1,1,20,69,62,11
2020-08-06,06,Hessen,06435,LK Main-Kinzig-Kreis,4,7,0,0,17,72,64,9
2020-08-07,06,Hessen,06435,LK Main-Kinzig-Kreis,4,7,0,0,19,70,63,10
2020-08-08,06,Hessen,06435,LK Main-Kinzig-Kreis,4,7,0,0,18,71,65,8
2020-08-09,06,Hessen,06435,LK Main-Kinzig-Kreis,4,7,0,0,20,69,63,10
2020-08-10,06,Hessen,06435,LK Main-Kinzig-Kreis,4,7,0,0,16,73,64,9
2020-08-11,06,Hessen,06435,LK Main-Kinzig-Kreis,4,7,0,0,23,65,57,15
2020-08-12,06,Hessen,06435,LK Main-Kinzig-Kreis,4,7,0,0,25,65,55,17
2020-08-13,06,Hessen,06435,LK Main-Kinzig-Kreis,4,7,0,0,17,73,62,10
2020-08-14,06,Hessen,06435,LK Main-Kinzig-Kreis,4,7,0,0,10,80,67,5
2020-08-15,06,Hessen,06435,LK Main-Kinzig-Kreis,4,7,0,0,14,76,63,9
2020-08-16,06,Hessen,06435,LK Main-Kinzig-Kreis,4,7,0,0,15,75,63,9
2020-08-17,06,Hessen,06435,LK Main-Kinzig-Kreis,4,7,0,0,15,76,63,10
2020-08-18,06,Hessen,06435,LK Main-Kinzig-Kreis,4,7,0,0,19,72,61,12
2020-08-19,06,Hessen,06435,LK Main-Kinzig-Kreis,4,7,0,0,19,72,60,13
2020-08-20,06,Hessen,06435,LK Main-Kinzig-Kreis,4,7,0,0,19,72,62,11
2020-08-21,06,Hessen,06435,LK Main-Kinzig-Kreis,4,7,0,0,15,76,66,7
2020-08-22,06,Hessen,06435,LK Main-Kinzig-Kreis,4,7,0,0,13,75,65,5
2020-08-23,06,Hessen,06435,LK Main-Kinzig-Kreis,4,7,0,0,20,68,59,11
2020-08-24,06,Hessen,06435,LK Main-Kinzig-Kreis,4,7,0,0,21,70,61,12
2020-08-25,06,Hessen,06435,LK Main-Kinzig-Kreis,4,7,1,1,25,66,57,16
2020-08-26,06,Hessen,06435,LK Main-Kinzig-Kreis,4,7,0,0,17,74,65,8
2020-08-27,06,Hessen,06435,LK Main-Kinzig-Kreis,4,7,0,0,19,72,63,10
2020-08-28,06,Hessen,06435,LK Main-Kinzig-Kreis,4,7,0,0,27,64,58,15
2020-08-29,06,Hessen,06435,LK Main-Kinzig-Kreis,4,7,0,0,31,60,54,19
2020-08-30,06,Hessen,06435,LK Main-Kinzig-Kreis,4,7,0,0,32,59,55,18
2020-08-31,06,Hessen,06435,LK Main-Kinzig-Kreis,4,7,0,0,32,59,55,18
2020-09-01,06,Hessen,06435,LK Main-Kinzig-Kreis,4,7,0,0,25,66,62,11
2020-09-02,06,Hessen,06435,LK Main-Kinzig-Kreis,4,7,0,0,24,65,57,16
2020-09-03,06,Hessen,06435,LK Main-Kinzig-Kreis,4,7,0,0,25,63,59,14
2020-09-04,06,Hessen,06435,LK Main-Kinzig-Kreis,4,7,0,0,31,60,56,17
2020-09-05,06,Hessen,06435,LK Main-Kinzig-Kreis,4,7,0,0,22,65,61,8
2020-09-06,06,Hessen,06435,LK Main-Kinzig-Kreis,4,7,0,0,24,63,59,10
2020-09-07,06,Hessen,06435,LK Main-Kinzig-Kreis,4,7,0,0,24,66,61,12
2020-09-08,06,Hessen,06435,LK Main-Kinzig-Kreis,4,7,1,0,27,64,57,16
2020-09-09,06,Hessen,06435,LK Main-Kinzig-Kreis,4,7,1,0,26,71,60,13
2020-09-10,06,Hessen,06435,LK Main-Kinzig-Kreis,4,7,1,0,23,74,63,10
2020-09-11,06,Hessen,06435,LK Main-Kinzig-Kreis,4,7,1,0,23,65,61,11
2020-09-12,06,Hessen,06435,LK Main-Kinzig-Kreis,4,7,1,0,31,60,57,16
2020-09-13,06,Hessen,06435,LK Main-Kinzig-Kreis,4,7,1,0,27,64,60,13
2020-09-14,06,Hessen,06435,LK Main-Kinzig-Kreis,4,7,1,0,29,62,58,15
2020-09-15,06,Hessen,06435,LK Main-Kinzig-Kreis,4,7,1,1,31,60,57,16
2020-09-16,06,Hessen,06435,LK Main-Kinzig-Kreis,4,7,1,1,23,66,64,9
2020-09-17,06,Hessen,06435,LK Main-Kinzig-Kreis,4,7,1,1,22,66,64,8
2020-09-18,06,Hessen,06435,LK Main-Kinzig-Kreis,4,7,1,1,29,60,58,15
2020-09-19,06,Hessen,06435,LK Main-Kinzig-Kreis,4,7,1,1,30,59,57,16
2020-09-20,06,Hessen,06435,LK Main-Kinzig-Kreis,4,7,1,1,28,57,56,17
2020-09-21,06,Hessen,06435,LK Main-Kinzig-Kreis,4,7,1,1,31,58,55,18
2020-09-22,06,Hessen,06435,LK Main-Kinzig-Kreis,4,7,1,1,27,60,57,16
2020-09-23,06,Hessen,06435,LK Main-Kinzig-Kreis,4,7,1,1,29,60,56,17
2020-09-24,06,Hessen,06435,LK Main-Kinzig-Kreis,4,7,0,0,27,60,55,18
2020-09-25,06,Hessen,06435,LK Main-Kinzig-Kreis,4,7,0,0,26,61,57,16
2020-09-26,06,Hessen,06435,LK Main-Kinzig-Kreis,4,7,1,0,17,70,62,11
2020-09-27,06,Hessen,06435,LK Main-Kinzig-Kreis,4,7,1,0,17,70,62,11
2020-09-28,06,Hessen,06435,LK Main-Kinzig-Kreis,4,7,1,0,20,67,60,13
2020-09-29,06,Hessen,06435,LK Main-Kinzig-Kreis,4,7,1,0,24,63,57,16
2020-09-30,06,Hessen,06435,LK Main-Kinzig-Kreis,4,7,1,0,25,62,58,15
2020-10-01,06,Hessen,06435,LK Main-Kinzig-Kreis,4,7,1,0,23,64,59,14
2020-10-02,06,Hessen,06435,LK Main-Kinzig-Kreis,4,7,1,0,18,69,64,9
2020-10-03,06,Hessen,06435,LK Main-Kinzig-Kreis,4,7,2,0,21,66,61,12
2020-10-04,06,Hessen,06435,LK Main-Kinzig-Kreis,4,7,2,0,24,63,61,12
2020-10-05,06,Hessen,06435,LK Main-Kinzig-Kreis,4,7,2,0,30,57,55,18
2020-10-06,06,Hessen,06435,LK Main-Kinzig-Kreis,4,7,2,0,22,65,60,13
2020-10-07,06,Hessen,06435,LK Main-Kinzig-Kreis,4,7,2,0,23,64,62,11
2020-10-08,06,Hessen,06435,LK Main-Kinzig-Kreis,4,7,2,0,21,66,65,8
2020-10-09,06,Hessen,06435,LK Main-Kinzig-Kreis,4,7,3,0,19,64,61,8
2020-10-10,06,Hessen,06435,LK Main-Kinzig-Kreis,4,7,2,0,18,64,61,7
2020-10-11,06,Hessen,06435,LK Main-Kinzig-Kreis,4,7,2,0,15,67,64,4
2020-10-12,06,Hessen,06435,LK Main-Kinzig-Kreis,4,7,2,0,23,59,56,12
2020-10-13,06,Hessen,06435,LK Main-Kinzig-Kreis,4,7,1,0,20,64,61,9
2020-10-14,06,Hessen,06435,LK Main-Kinzig-Kreis,4,7,0,0,28,59,56,17
2020-10-15,06,Hessen,06435,LK Main-Kinzig-Kreis,4,7,0,0,34,53,50,23
2020-10-16,06,Hessen,06435,LK Main-Kinzig-Kreis,4,7,0,0,25,62,58,15
2020-10-17,06,Hessen,06435,LK Main-Kinzig-Kreis,4,7,1,0,27,60,56,17
2020-10-18,06,Hessen,06435,LK Main-Kinzig-Kreis,4,7,2,0,31,56,54,19
2020-10-19,06,Hessen,06435,LK Main-Kinzig-Kreis,4,7,2,0,31,56,54,19
2020-10-20,06,Hessen,06435,LK Main-Kinzig-Kreis,4,7,2,0,24,63,57,16
2020-10-21,06,Hessen,06435,LK Main-Kinzig-Kreis,4,7,2,0,21,66,62,11
2020-10-22,06,Hessen,06435,LK Main-Kinzig-Kreis,4,7,2,0,25,62,57,16
2020-10-23,06,Hessen,06435,LK Main-Kinzig-Kreis,4,7,3,0,21,61,57,11
2020-10-24,06,Hessen,06435,LK Main-Kinzig-Kreis,4,7,2,0,21,61,57,11
2020-10-25,06,Hessen,06435,LK Main-Kinzig-Kreis,4,7,2,1,19,62,58,11
2020-10-26,06,Hessen,06435,LK Main-Kinzig-Kreis,4,7,1,0,26,59,55,18
2020-10-27,06,Hessen,06435,LK Main-Kinzig-Kreis,4,7,0,0,21,59,53,15
2020-10-28,06,Hessen,06435,LK Main-Kinzig-Kreis,4,7,3,1,23,57,51,17
2020-10-29,06,Hessen,06435,LK Main-Kinzig-Kreis,4,7,2,1,22,60,53,15
2020-10-30,06,Hessen,06435,LK Main-Kinzig-Kreis,4,7,2,1,23,59,52,16
2020-10-31,06,Hessen,06435,LK Main-Kinzig-Kreis,4,7,1,0,20,60,54,14
2020-11-01,06,Hessen,06435,LK Main-Kinzig-Kreis,4,7,2,0,19,61,56,12
2020-11-02,06,Hessen,06435,LK Main-Kinzig-Kreis,4,7,4,0,23,62,57,16
2020-11-03,06,Hessen,06435,LK Main-Kinzig-Kreis,4,7,5,0,27,60,54,19
2020-11-04,06,Hessen,06435,LK Main-Kinzig-Kreis,4,7,6,2,22,63,57,16
2020-11-05,06,Hessen,06435,LK Main-Kinzig-Kreis,4,7,9,5,20,67,61,12
2020-11-06,06,Hessen,06435,LK Main-Kinzig-Kreis,4,7,9,3,29,56,51,22
2020-11-07,06,Hessen,06435,LK Main-Kinzig-Kreis,4,7,14,6,31,54,50,21
2020-11-08,06,Hessen,06435,LK Main-Kinzig-Kreis,4,7,15,8,24,58,54,14
2020-11-09,06,Hessen,06435,LK Main-Kinzig-Kreis,4,7,14,7,24,59,55,14
2020-11-10,06,Hessen,06435,LK Main-Kinzig-Kreis,4,7,13,5,20,64,60,10
2020-11-11,06,Hessen,06435,LK Main-Kinzig-Kreis,4,7,13,6,17,68,64,7
2020-11-12,06,Hessen,06435,LK Main-Kinzig-Kreis,4,7,12,6,22,63,59,14
2020-11-13,06,Hessen,06435,LK Main-Kinzig-Kreis,4,7,14,6,25,60,56,17
2020-11-14,06,Hessen,06435,LK Main-Kinzig-Kreis,4,7,13,8,26,59,55,18
2020-11-15,06,Hessen,06435,LK Main-Kinzig-Kreis,4,7,12,7,23,59,54,16
2020-11-16,06,Hessen,06435,LK Main-Kinzig-Kreis,4,7,11,6,23,61,56,16
2020-11-17,06,Hessen,06435,LK Main-Kinzig-Kreis,4,7,13,6,22,63,57,16
2020-11-18,06,Hessen,06435,LK Main-Kinzig-Kreis,4,7,12,8,10,65,59,4
2020-11-19,06,Hessen,06435,LK Main-Kinzig-Kreis,4,7,15,9,16,59,55,7
2020-11-20,06,Hessen,06435,LK Main-Kinzig-Kreis,4,7,15,9,15,59,55,6
2020-11-21,06,Hessen,06435,LK Main-Kinzig-Kreis,4,7,15,9,19,55,52,9
2020-11-22,06,Hessen,06435,LK Main-Kinzig-Kreis,4,7,12,5,20,53,50,10
2020-11-23,06,Hessen,06435,LK Main-Kinzig-Kreis,4,7,14,5,20,58,55,11
2020-11-24,06,Hessen,06435,LK Main-Kinzig-Kreis,4,7,14,6,12,66,63,3
2020-11-25,06,Hessen,06435,LK Main-Kinzig-Kreis,4,7,14,4,13,65,62,4
2020-11-26,06,Hessen,06435,LK Main-Kinzig-Kreis,4,7,14,7,14,64,62,4
2020-11-27,06,Hessen,06435,LK Main-Kinzig-Kreis,4,7,15,7,12,66,61,5
2020-11-28,06,Hessen,06435,LK Main-Kinzig-Kreis,4,7,16,5,11,67,61,5
2020-11-29,06,Hessen,06435,LK Main-Kinzig-Kreis,4,7,14,4,10,68,61,5
2020-11-30,06,Hessen,06435,LK Main-Kinzig-Kreis,4,7,15,6,9,69,62,4
2020-12-01,06,Hessen,06435,LK Main-Kinzig-Kreis,4,7,18,8,8,70,62,4
2020-12-02,06,Hessen,06435,LK Main-Kinzig-Kreis,4,7,19,11,11,69,60,7
2020-12-03,06,Hessen,06435,LK Main-Kinzig-Kreis,4,7,15,9,12,68,60,7
2020-12-04,06,Hessen,06435,LK Main-Kinzig-Kreis,4,7,15,9,9,70,63,4
2020-12-05,06,Hessen,06435,LK Main-Kinzig-Kreis,4,7,16,10,7,69,61,5
2020-12-06,06,Hessen,06435,LK Main-Kinzig-Kreis,4,7,16,12,10,68,61,6
2020-12-07,06,Hessen,06435,LK Main-Kinzig-Kreis,4,7,16,12,9,69,62,5
2020-12-08,06,Hessen,06435,LK Main-Kinzig-Kreis,4,7,16,9,11,68,61,6
2020-12-09,06,Hessen,06435,LK Main-Kinzig-Kreis,4,7,19,9,13,66,59,8
2020-12-10,06,Hessen,06435,LK Main-Kinzig-Kreis,4,7,23,7,9,69,61,5
2020-12-11,06,Hessen,06435,LK Main-Kinzig-Kreis,4,7,23,8,13,66,59,7
2020-12-12,06,Hessen,06435,LK Main-Kinzig-Kreis,4,7,27,8,11,67,60,6
2020-12-13,06,Hessen,06435,LK Main-Kinzig-Kreis,4,7,26,8,10,68,61,5
2020-12-14,06,Hessen,06435,LK Main-Kinzig-Kreis,4,7,25,10,14,64,59,7
2020-12-15,06,Hessen,06435,LK Main-Kinzig-Kreis,4,7,26,7,10,69,64,3
2020-12-16,06,Hessen,06435,LK Main-Kinzig-Kreis,4,7,25,10,14,64,60,6
2020-12-17,06,Hessen,06435,LK Main-Kinzig-Kreis,4,7,25,10,12,66,62,4
2020-12-18,06,Hessen,06435,LK Main-Kinzig-Kreis,4,7,24,8,12,66,61,5
2020-12-19,06,Hessen,06435,LK Main-Kinzig-Kreis,4,7,24,9,14,67,61,8
2020-12-20,06,Hessen,06435,LK Main-Kinzig-Kreis,4,7,21,8,18,62,56,12
2020-12-21,06,Hessen,06435,LK Main-Kinzig-Kreis,4,7,25,10,11,66,61,4
2020-12-22,06,Hessen,06435,LK Main-Kinzig-Kreis,4,7,27,10,12,67,63,4
2020-12-23,06,Hessen,06435,LK Main-Kinzig-Kreis,4,7,24,10,9,71,64,4
2020-12-24,06,Hessen,06435,LK Main-Kinzig-Kreis,4,7,25,11,14,67,60,7
2020-12-25,06,Hessen,06435,LK Main-Kinzig-Kreis,4,7,28,13,16,69,62,9
2020-12-26,06,Hessen,06435,LK Main-Kinzig-Kreis,4,7,29,14,10,71,65,2
2020-12-27,06,Hessen,06435,LK Main-Kinzig-Kreis,4,7,27,13,14,67,59,8
2020-12-28,06,Hessen,06435,LK Main-Kinzig-Kreis,4,7,25,15,19,62,55,12
2020-12-29,06,Hessen,06435,LK Main-Kinzig-Kreis,4,7,25,14,20,61,56,11
2020-12-30,06,Hessen,06435,LK Main-Kinzig-Kreis,4,7,29,13,14,68,63,5
2020-12-31,06,Hessen,06435,LK Main-Kinzig-Kreis,4,7,27,13,16,65,61,6
2021-01-01,06,Hessen,06435,LK Main-Kinzig-Kreis,4,7,29,13,16,65,62,5
2021-01-02,06,Hessen,06435,LK Main-Kinzig-Kreis,4,7,27,13,16,64,61,5
2021-01-03,06,Hessen,06435,LK Main-Kinzig-Kreis,4,7,32,14,12,69,64,3
2021-01-04,06,Hessen,06435,LK Main-Kinzig-Kreis,4,7,31,13,14,67,64,3
2021-01-05,06,Hessen,06435,LK Main-Kinzig-Kreis,4,7,33,15,14,68,67,1
2021-01-06,06,Hessen,06435,LK Main-Kinzig-Kreis,4,7,31,13,15,67,65,3
2021-01-07,06,Hessen,06435,LK Main-Kinzig-Kreis,4,7,30,9,16,66,63,5
2021-01-08,06,Hessen,06435,LK Main-Kinzig-Kreis,4,7,29,12,12,67,64,3
2021-01-09,06,Hessen,06435,LK Main-Kinzig-Kreis,4,7,26,12,17,60,56,9
2021-01-10,06,Hessen,06435,LK Main-Kinzig-Kreis,4,7,28,11,15,63,58,8
2021-01-11,06,Hessen,06435,LK Main-Kinzig-Kreis,4,7,30,12,12,69,64,5
2021-01-12,06,Hessen,06435,LK Main-Kinzig-Kreis,4,7,27,11,12,68,63,5
2021-01-13,06,Hessen,06435,LK Main-Kinzig-Kreis,4,7,27,8,10,74,67,5
2021-01-14,06,Hessen,06435,LK Main-Kinzig-Kreis,4,7,29,10,7,76,69,2
2021-01-15,06,Hessen,06435,LK Main-Kinzig-Kreis,4,7,31,10,6,77,70,1
2021-01-16,06,Hessen,06435,LK Main-Kinzig-Kreis,4,7,31,9,11,72,66,3
2021-01-17,06,Hessen,06435,LK Main-Kinzig-Kreis,4,7,31,12,14,69,63,6
2021-01-18,06,Hessen,06435,LK Main-Kinzig-Kreis,4,7,30,11,13,68,64,5
2021-01-19,06,Hessen,06435,LK Main-Kinzig-Kreis,4,7,26,10,16,67,63,6
2021-01-20,06,Hessen,06435,LK Main-Kinzig-Kreis,4,7,27,10,17,67,64,6
2021-01-21,06,Hessen,06435,LK Main-Kinzig-Kreis,4,7,24,10,20,65,61,10
2021-01-22,06,Hessen,06435,LK Main-Kinzig-Kreis,4,7,20,7,14,68,64,6
2021-01-23,06,Hessen,06435,LK Main-Kinzig-Kreis,4,7,19,3,17,70,66,7
2021-01-24,06,Hessen,06435,LK Main-Kinzig-Kreis,4,7,20,5,16,71,67,6
2021-01-25,06,Hessen,06435,LK Main-Kinzig-Kreis,4,7,19,4,15,72,68,5
2021-01-26,06,Hessen,06435,LK Main-Kinzig-Kreis,4,7,18,4,18,70,65,9
2021-01-27,06,Hessen,06435,LK Main-Kinzig-Kreis,4,7,17,4,13,72,67,4
2021-01-28,06,Hessen,06435,LK Main-Kinzig-Kreis,4,7,17,5,11,72,67,2
2021-01-29,06,Hessen,06435,LK Main-Kinzig-Kreis,4,7,17,8,16,67,61,8
2021-01-30,06,Hessen,06435,LK Main-Kinzig-Kreis,4,7,20,7,13,71,64,6
2021-01-31,06,Hessen,06435,LK Main-Kinzig-Kreis,4,7,22,7,14,69,62,7
2021-02-01,06,Hessen,06435,LK Main-Kinzig-Kreis,4,7,23,10,11,75,67,5
2021-02-02,06,Hessen,06435,LK Main-Kinzig-Kreis,4,7,22,11,12,74,66,6
2021-02-03,06,Hessen,06435,LK Main-Kinzig-Kreis,4,7,22,10,13,75,68,6
2021-02-04,06,Hessen,06435,LK Main-Kinzig-Kreis,4,7,21,8,11,76,67,6
2021-02-05,06,Hessen,06435,LK Main-Kinzig-Kreis,4,7,21,6,12,74,65,7
2021-02-06,06,Hessen,06435,LK Main-Kinzig-Kreis,4,7,23,8,8,77,67,4
2021-02-07,06,Hessen,06435,LK Main-Kinzig-Kreis,4,7,22,7,17,70,63,10
2021-02-08,06,Hessen,06435,LK Main-Kinzig-Kreis,4,7,21,7,19,68,64,9
2021-02-09,06,Hessen,06435,LK Main-Kinzig-Kreis,4,7,22,6,11,73,65,5
2021-02-10,06,Hessen,06435,LK Main-Kinzig-Kreis,4,7,20,6,10,75,67,4
2021-02-11,06,Hessen,06435,LK Main-Kinzig-Kreis,4,7,21,5,13,71,63,7
2021-02-12,06,Hessen,06435,LK Main-Kinzig-Kreis,4,7,20,8,12,73,64,7
2021-02-13,06,Hessen,06435,LK Main-Kinzig-Kreis,4,7,20,9,9,76,66,5
2021-02-14,06,Hessen,06435,LK Main-Kinzig-Kreis,4,7,18,8,13,73,63,9
2021-02-15,06,Hessen,06435,LK Main-Kinzig-Kreis,4,7,17,8,13,70,61,8
2021-02-16,06,Hessen,06435,LK Main-Kinzig-Kreis,4,7,17,7,16,68,60,10
2021-02-17,06,Hessen,06435,LK Main-Kinzig-Kreis,4,7,18,7,14,71,65,6
2021-02-18,06,Hessen,06435,LK Main-Kinzig-Kreis,4,7,17,4,15,70,63,8
2021-02-19,06,Hessen,06435,LK Main-Kinzig-Kreis,4,7,16,5,15,69,64,6
2021-02-20,06,Hessen,06435,LK Main-Kinzig-Kreis,4,7,16,5,15,70,66,5
2021-02-21,06,Hessen,06435,LK Main-Kinzig-Kreis,4,7,17,4,17,67,63,7
2021-02-22,06,Hessen,06435,LK Main-Kinzig-Kreis,4,7,19,5,16,70,66,6
2021-02-23,06,Hessen,06435,LK Main-Kinzig-Kreis,4,7,19,8,14,70,65,5
2021-02-24,06,Hessen,06435,LK Main-Kinzig-Kreis,4,7,17,8,15,66,61,6
2021-02-25,06,Hessen,06435,LK Main-Kinzig-Kreis,4,7,14,7,13,66,61,4
2021-02-26,06,Hessen,06435,LK Main-Kinzig-Kreis,4,7,13,8,21,64,59,12
2021-02-27,06,Hessen,06435,LK Main-Kinzig-Kreis,4,7,11,6,23,62,56,15
2021-02-28,06,Hessen,06435,LK Main-Kinzig-Kreis,4,7,11,6,28,57,52,19
2021-03-01,06,Hessen,06435,LK Main-Kinzig-Kreis,4,7,13,5,21,64,58,13
2021-03-02,06,Hessen,06435,LK Main-Kinzig-Kreis,4,7,14,4,16,70,64,8
2021-03-03,06,Hessen,06435,LK Main-Kinzig-Kreis,4,7,13,4,14,72,66,6
2021-03-04,06,Hessen,06435,LK Main-Kinzig-Kreis,4,7,16,5,14,72,66,6
2021-03-05,06,Hessen,06435,LK Main-Kinzig-Kreis,4,7,16,4,10,75,67,4
2021-03-06,06,Hessen,06435,LK Main-Kinzig-Kreis,4,7,17,4,11,75,68,4
2021-03-07,06,Hessen,06435,LK Main-Kinzig-Kreis,4,7,17,5,11,73,67,3
2021-03-08,06,Hessen,06435,LK Main-Kinzig-Kreis,4,7,16,4,12,73,67,4
2021-03-09,06,Hessen,06435,LK Main-Kinzig-Kreis,4,7,15,3,10,73,68,1
2021-03-10,06,Hessen,06435,LK Main-Kinzig-Kreis,4,7,14,2,19,66,61,10
2021-03-11,06,Hessen,06435,LK Main-Kinzig-Kreis,4,7,11,3,22,64,60,12
2021-03-12,06,Hessen,06435,LK Main-Kinzig-Kreis,4,7,10,3,17,68,62,9
2021-03-13,06,Hessen,06435,LK Main-Kinzig-Kreis,4,7,7,3,24,60,54,16
2021-03-14,06,Hessen,06435,LK Main-Kinzig-Kreis,4,7,7,3,23,62,56,15
2021-03-15,06,Hessen,06435,LK Main-Kinzig-Kreis,4,7,10,3,22,64,59,13
2021-03-16,06,Hessen,06435,LK Main-Kinzig-Kreis,4,7,12,2,15,70,65,6
2021-03-17,06,Hessen,06435,LK Main-Kinzig-Kreis,4,7,12,2,13,72,67,4
2021-03-18,06,Hessen,06435,LK Main-Kinzig-Kreis,4,7,11,2,13,71,67,3
2021-03-19,06,Hessen,06435,LK Main-Kinzig-Kreis,4,7,11,2,16,69,67,4
2021-03-20,06,Hessen,06435,LK Main-Kinzig-Kreis,4,7,11,2,17,67,65,5
2021-03-21,06,Hessen,06435,LK Main-Kinzig-Kreis,4,7,13,2,18,65,63,6
2021-03-22,06,Hessen,06435,LK Main-Kinzig-Kreis,4,7,14,3,15,70,67,4
2021-03-23,06,Hessen,06435,LK Main-Kinzig-Kreis,4,7,15,3,12,72,68,2
2021-03-24,06,Hessen,06435,LK Main-Kinzig-Kreis,4,7,10,3,22,61,57,12
2021-03-25,06,Hessen,06435,LK Main-Kinzig-Kreis,4,7,10,2,15,69,65,5
2021-03-26,06,Hessen,06435,LK Main-Kinzig-Kreis,4,7,25,3,15,69,65,5
2021-03-27,06,Hessen,06435,LK Main-Kinzig-Kreis,4,7,29,4,18,66,61,9
2021-03-28,06,Hessen,06435,LK Main-Kinzig-Kreis,4,7,27,5,20,64,59,11
2021-03-29,06,Hessen,06435,LK Main-Kinzig-Kreis,4,7,16,7,12,72,64,6
2021-03-30,06,Hessen,06435,LK Main-Kinzig-Kreis,4,7,18,7,8,73,66,1
2021-03-31,06,Hessen,06435,LK Main-Kinzig-Kreis,4,7,15,7,12,73,66,5
2021-04-01,06,Hessen,06435,LK Main-Kinzig-Kreis,4,7,16,5,10,74,66,4
2021-04-02,06,Hessen,06435,LK Main-Kinzig-Kreis,4,7,19,6,10,74,67,3
2021-04-03,06,Hessen,06435,LK Main-Kinzig-Kreis,4,7,20,6,14,70,65,5
2021-04-04,06,Hessen,06435,LK Main-Kinzig-Kreis,4,7,19,5,13,71,64,6
2021-04-05,06,Hessen,06435,LK Main-Kinzig-Kreis,4,7,18,8,16,68,61,9
2021-04-06,06,Hessen,06435,LK Main-Kinzig-Kreis,4,7,21,9,9,73,68,2
2021-04-07,06,Hessen,06435,LK Main-Kinzig-Kreis,4,7,20,8,14,70,65,5
2021-04-08,06,Hessen,06435,LK Main-Kinzig-Kreis,4,7,24,7,9,75,69,1
2021-04-09,06,Hessen,06435,LK Main-Kinzig-Kreis,4,7,23,7,9,75,69,1
2021-04-10,06,Hessen,06435,LK Main-Kinzig-Kreis,4,7,22,6,10,75,69,2
2021-04-11,06,Hessen,06435,LK Main-Kinzig-Kreis,4,7,19,6,16,69,64,7
2021-04-12,06,Hessen,06435,LK Main-Kinzig-Kreis,4,7,19,6,18,67,63,8
2021-04-13,06,Hessen,06435,LK Main-Kinzig-Kreis,4,7,21,7,12,73,68,3
2021-04-14,06,Hessen,06435,LK Main-Kinzig-Kreis,4,7,18,8,12,71,65,4
2021-04-15,06,Hessen,06435,LK Main-Kinzig-Kreis,4,7,20,6,10,73,67,2
2021-04-16,06,Hessen,06435,LK Main-Kinzig-Kreis,4,7,18,6,13,71,66,4
2021-04-17,06,Hessen,06435,LK Main-Kinzig-Kreis,4,7,20,5,10,74,67,3
2021-04-18,06,Hessen,06435,LK Main-Kinzig-Kreis,4,7,19,4,9,75,69,1
2021-04-19,06,Hessen,06435,LK Main-Kinzig-Kreis,4,7,19,6,11,74,69,2
2021-04-20,06,Hessen,06435,LK Main-Kinzig-Kreis,4,7,19,8,13,73,67,5
2021-04-21,06,Hessen,06435,LK Main-Kinzig-Kreis,4,7,21,8,13,70,63,6
2021-04-22,06,Hessen,06435,LK Main-Kinzig-Kreis,4,7,25,10,13,72,66,5
2021-04-23,06,Hessen,06435,LK Main-Kinzig-Kreis,4,7,21,10,16,69,63,8
2021-04-24,06,Hessen,06435,LK Main-Kinzig-Kreis,4,7,23,9,12,71,65,4
2021-04-25,06,Hessen,06435,LK Main-Kinzig-Kreis,4,7,22,8,13,70,64,5
2021-04-26,06,Hessen,06435,LK Main-Kinzig-Kreis,4,7,22,8,18,66,61,9
2021-04-27,06,Hessen,06435,LK Main-Kinzig-Kreis,4,7,25,10,12,73,68,3
2021-04-28,06,Hessen,06435,LK Main-Kinzig-Kreis,4,7,24,8,16,70,65,7
2021-04-29,06,Hessen,06435,LK Main-Kinzig-Kreis,4,7,24,8,12,74,69,3
2021-04-30,06,Hessen,06435,LK Main-Kinzig-Kreis,4,7,22,7,11,77,71,3
2021-05-01,06,Hessen,06435,LK Main-Kinzig-Kreis,4,7,22,6,13,73,67,5
2021-05-02,06,Hessen,06435,LK Main-Kinzig-Kreis,4,7,20,6,14,73,67,6
2021-05-03,06,Hessen,06435,LK Main-Kinzig-Kreis,4,7,18,4,12,74,68,4
2021-05-04,06,Hessen,06435,LK Main-Kinzig-Kreis,4,7,19,5,12,75,68,5
2021-05-05,06,Hessen,06435,LK Main-Kinzig-Kreis,4,7,18,6,15,71,64,8
2021-05-06,06,Hessen,06435,LK Main-Kinzig-Kreis,4,7,17,6,12,72,65,5
2021-05-07,06,Hessen,06435,LK Main-Kinzig-Kreis,4,7,17,6,13,71,65,5
2021-05-08,06,Hessen,06435,LK Main-Kinzig-Kreis,4,7,16,6,12,71,65,4
2021-05-09,06,Hessen,06435,LK Main-Kinzig-Kreis,4,7,17,7,18,65,60,9
2021-05-10,06,Hessen,06435,LK Main-Kinzig-Kreis,4,7,16,7,15,69,65,5
2021-05-11,06,Hessen,06435,LK Main-Kinzig-Kreis,4,7,14,6,16,67,62,7
2021-05-12,06,Hessen,06435,LK Main-Kinzig-Kreis,4,7,13,6,14,69,63,6
2021-05-13,06,Hessen,06435,LK Main-Kinzig-Kreis,4,7,14,6,14,69,62,7
2021-05-14,06,Hessen,06435,LK Main-Kinzig-Kreis,4,7,12,6,14,64,59,5
2021-05-15,06,Hessen,06435,LK Main-Kinzig-Kreis,4,7,13,4,14,66,62,4
2021-05-16,06,Hessen,06435,LK Main-Kinzig-Kreis,4,7,14,3,11,69,63,3
2021-05-17,06,Hessen,06435,LK Main-Kinzig-Kreis,4,7,12,3,18,61,56,9
2021-05-18,06,Hessen,06435,LK Main-Kinzig-Kreis,4,7,12,3,15,64,59,6
2021-05-19,06,Hessen,06435,LK Main-Kinzig-Kreis,4,7,15,4,14,67,62,5
2021-05-20,06,Hessen,06435,LK Main-Kinzig-Kreis,4,7,14,4,16,69,64,7
2021-05-21,06,Hessen,06435,LK Main-Kinzig-Kreis,4,7,10,2,19,66,62,9
2021-05-22,06,Hessen,06435,LK Main-Kinzig-Kreis,4,7,11,2,15,69,63,9
2021-05-23,06,Hessen,06435,LK Main-Kinzig-Kreis,4,7,10,2,17,67,61,11
2021-05-24,06,Hessen,06435,LK Main-Kinzig-Kreis,4,7,8,1,12,68,62,7
2021-05-25,06,Hessen,06435,LK Main-Kinzig-Kreis,4,7,9,1,10,70,65,4
2021-05-26,06,Hessen,06435,LK Main-Kinzig-Kreis,4,7,9,1,13,68,62,5
2021-05-27,06,Hessen,06435,LK Main-Kinzig-Kreis,4,7,9,1,15,66,61,6
2021-05-28,06,Hessen,06435,LK Main-Kinzig-Kreis,4,7,7,1,20,62,59,9
2021-05-29,06,Hessen,06435,LK Main-Kinzig-Kreis,4,7,8,1,19,61,57,9
2021-05-30,06,Hessen,06435,LK Main-Kinzig-Kreis,4,7,9,1,16,65,60,7
2021-05-31,06,Hessen,06435,LK Main-Kinzig-Kreis,4,7,9,1,19,63,58,10
2021-06-01,06,Hessen,06435,LK Main-Kinzig-Kreis,4,7,6,1,16,66,62,6
2021-06-02,06,Hessen,06435,LK Main-Kinzig-Kreis,4,7,5,1,26,56,52,16
2021-06-03,06,Hessen,06435,LK Main-Kinzig-Kreis,4,7,5,3,19,63,59,9
2021-06-04,06,Hessen,06435,LK Main-Kinzig-Kreis,4,7,7,4,14,68,62,6
2021-06-05,06,Hessen,06435,LK Main-Kinzig-Kreis,4,7,6,3,12,76,62,6
2021-06-06,06,Hessen,06435,LK Main-Kinzig-Kreis,4,7,6,4,12,64,61,7
2021-06-07,06,Hessen,06435,LK Main-Kinzig-Kreis,4,7,6,4,11,65,61,7
2021-06-08,06,Hessen,06435,LK Main-Kinzig-Kreis,4,7,4,4,4,71,65,2
2021-06-09,06,Hessen,06435,LK Main-Kinzig-Kreis,4,7,4,2,7,69,61,7
2021-06-10,06,Hessen,06435,LK Main-Kinzig-Kreis,4,7,4,2,6,70,64,4
2021-06-11,06,Hessen,06435,LK Main-Kinzig-Kreis,4,7,5,2,9,67,62,6
2021-06-12,06,Hessen,06435,LK Main-Kinzig-Kreis,4,7,5,2,7,69,63,5
2021-06-13,06,Hessen,06435,LK Main-Kinzig-Kreis,4,7,6,2,11,71,64,4
2021-06-14,06,Hessen,06435,LK Main-Kinzig-Kreis,4,7,5,2,12,70,64,4
2021-06-15,06,Hessen,06435,LK Main-Kinzig-Kreis,4,7,5,4,17,65,58,10
2021-06-16,06,Hessen,06435,LK Main-Kinzig-Kreis,4,7,4,4,21,61,55,13
2021-06-17,06,Hessen,06435,LK Main-Kinzig-Kreis,4,7,4,3,18,64,58,10
2021-06-18,06,Hessen,06435,LK Main-Kinzig-Kreis,4,7,4,4,13,69,63,5
2021-06-19,06,Hessen,06435,LK Main-Kinzig-Kreis,4,7,5,4,13,69,65,3
2021-06-20,06,Hessen,06435,LK Main-Kinzig-Kreis,4,7,6,5,13,68,64,3
2021-06-21,06,Hessen,06435,LK Main-Kinzig-Kreis,4,7,6,5,13,68,62,5
2021-06-22,06,Hessen,06435,LK Main-Kinzig-Kreis,4,7,5,5,14,68,64,4
2021-06-23,06,Hessen,06435,LK Main-Kinzig-Kreis,4,7,3,3,10,71,67,0
2021-06-24,06,Hessen,06435,LK Main-Kinzig-Kreis,4,7,3,3,16,65,62,5
2021-06-25,06,Hessen,06435,LK Main-Kinzig-Kreis,4,7,3,3,15,66,62,5
2021-06-26,06,Hessen,06435,LK Main-Kinzig-Kreis,4,7,3,2,16,65,60,7
2021-06-27,06,Hessen,06435,LK Main-Kinzig-Kreis,4,7,3,2,17,64,59,8
2021-06-28,06,Hessen,06435,LK Main-Kinzig-Kreis,4,7,3,2,14,69,63,6
2021-06-29,06,Hessen,06435,LK Main-Kinzig-Kreis,4,7,4,2,17,66,60,9
2021-06-30,06,Hessen,06435,LK Main-Kinzig-Kreis,4,7,3,2,15,68,62,7
2021-07-01,06,Hessen,06435,LK Main-Kinzig-Kreis,4,7,3,2,10,73,66,3
2021-07-02,06,Hessen,06435,LK Main-Kinzig-Kreis,4,7,3,1,13,69,63,5
2021-07-03,06,Hessen,06435,LK Main-Kinzig-Kreis,4,7,3,1,10,72,67,1
2021-07-04,06,Hessen,06435,LK Main-Kinzig-Kreis,4,7,3,1,17,65,59,9
2021-07-05,06,Hessen,06435,LK Main-Kinzig-Kreis,4,7,3,1,13,69,62,6
2021-07-06,06,Hessen,06435,LK Main-Kinzig-Kreis,4,7,3,1,10,69,63,5
2021-07-07,06,Hessen,06435,LK Main-Kinzig-Kreis,4,7,2,1,14,69,63,6
2021-07-08,06,Hessen,06435,LK Main-Kinzig-Kreis,4,7,2,0,16,67,63,6
2021-07-09,06,Hessen,06435,LK Main-Kinzig-Kreis,4,7,1,0,12,73,67,4
2021-07-10,06,Hessen,06435,LK Main-Kinzig-Kreis,4,7,1,0,13,69,62,6
2021-07-11,06,Hessen,06435,LK Main-Kinzig-Kreis,4,7,1,0,12,66,59,5
2021-07-12,06,Hessen,06435,LK Main-Kinzig-Kreis,4,7,1,0,16,68,62,8
2021-07-13,06,Hessen,06435,LK Main-Kinzig-Kreis,4,7,1,0,16,66,61,7
2021-07-14,06,Hessen,06435,LK Main-Kinzig-Kreis,4,7,0,0,15,67,62,6
2021-07-15,06,Hessen,06435,LK Main-Kinzig-Kreis,4,7,0,0,12,70,64,4
2021-07-16,06,Hessen,06435,LK Main-Kinzig-Kreis,4,7,0,0,12,71,66,3
2021-07-17,06,Hessen,06435,LK Main-Kinzig-Kreis,4,7,0,0,9,73,68,0
2021-07-18,06,Hessen,06435,LK Main-Kinzig-Kreis,4,7,0,0,8,74,66,2
2021-07-19,06,Hessen,06435,LK Main-Kinzig-Kreis,4,7,0,0,8,73,66,1
2021-07-20,06,Hessen,06435,LK Main-Kinzig-Kreis,4,7,0,0,14,66,60,6
2021-07-21,06,Hessen,06435,LK Main-Kinzig-Kreis,4,7,0,0,10,69,63,2
2021-07-22,06,Hessen,06435,LK Main-Kinzig-Kreis,4,7,0,0,9,70,65,0
2021-07-23,06,Hessen,06435,LK Main-Kinzig-Kreis,4,7,0,0,9,71,65,1
2021-07-24,06,Hessen,06435,LK Main-Kinzig-Kreis,4,7,0,0,9,73,68,0
2021-07-25,06,Hessen,06435,LK Main-Kinzig-Kreis,4,7,0,0,8,73,65,2
2021-07-26,06,Hessen,06435,LK Main-Kinzig-Kreis,4,7,0,0,9,72,62,5
2021-07-27,06,Hessen,06435,LK Main-Kinzig-Kreis,4,7,0,0,15,66,58,9
2021-07-28,06,Hessen,06435,LK Main-Kinzig-Kreis,4,7,0,0,7,75,65,3
2021-07-29,06,Hessen,06435,LK Main-Kinzig-Kreis,4,7,0,0,7,74,65,2
2021-07-30,06,Hessen,06435,LK Main-Kinzig-Kreis,4,7,0,0,11,71,63,5
2021-07-31,06,Hessen,06435,LK Main-Kinzig-Kreis,4,7,0,0,8,72,63,3
2021-08-01,06,Hessen,06435,LK Main-Kinzig-Kreis,4,7,0,0,7,73,64,2
2021-08-02,06,Hessen,06435,LK Main-Kinzig-Kreis,4,7,0,0,10,70,63,3
2021-08-03,06,Hessen,06435,LK Main-Kinzig-Kreis,4,7,0,0,13,67,60,6
2021-08-04,06,Hessen,06435,LK Main-Kinzig-Kreis,4,7,0,0,13,68,61,6
2021-08-05,06,Hessen,06435,LK Main-Kinzig-Kreis,4,7,0,0,7,75,66,2
2021-08-06,06,Hessen,06435,LK Main-Kinzig-Kreis,4,7,0,0,8,72,64,2
2021-08-07,06,Hessen,06435,LK Main-Kinzig-Kreis,4,7,0,0,10,71,62,5
2021-08-08,06,Hessen,06435,LK Main-Kinzig-Kreis,4,7,0,0,16,64,55,11
2021-08-09,06,Hessen,06435,LK Main-Kinzig-Kreis,4,7,0,0,14,66,57,9
2021-08-10,06,Hessen,06435,LK Main-Kinzig-Kreis,4,7,0,0,11,70,63,4
2021-08-11,06,Hessen,06435,LK Main-Kinzig-Kreis,4,7,0,0,7,73,65,2
2021-08-12,06,Hessen,06435,LK Main-Kinzig-Kreis,4,7,0,0,6,75,67,0
2021-08-13,06,Hessen,06435,LK Main-Kinzig-Kreis,4,7,0,0,11,70,61,6
2021-08-14,06,Hessen,06435,LK Main-Kinzig-Kreis,4,7,0,0,11,70,63,4
2021-08-15,06,Hessen,06435,LK Main-Kinzig-Kreis,4,7,0,0,21,68,61,6
2021-08-16,06,Hessen,06435,LK Main-Kinzig-Kreis,4,7,0,0,14,67,62,5
2021-08-17,06,Hessen,06435,LK Main-Kinzig-Kreis,4,7,0,0,15,66,60,7
2021-08-18,06,Hessen,06435,LK Main-Kinzig-Kreis,4,7,0,0,14,67,59,8
2021-08-19,06,Hessen,06435,LK Main-Kinzig-Kreis,4,7,0,0,16,65,57,10
2021-08-20,06,Hessen,06435,LK Main-Kinzig-Kreis,4,7,0,0,16,65,57,10
2021-08-21,06,Hessen,06435,LK Main-Kinzig-Kreis,4,7,1,0,17,64,55,12
2021-08-22,06,Hessen,06435,LK Main-Kinzig-Kreis,4,7,0,0,16,64,56,10
2021-08-23,06,Hessen,06435,LK Main-Kinzig-Kreis,4,7,2,0,13,68,62,5
2021-08-24,06,Hessen,06435,LK Main-Kinzig-Kreis,4,7,2,0,15,66,58,9
2021-08-25,06,Hessen,06435,LK Main-Kinzig-Kreis,4,7,3,0,16,67,61,8
2021-08-26,06,Hessen,06435,LK Main-Kinzig-Kreis,4,7,3,0,12,71,66,3
2021-08-27,06,Hessen,06435,LK Main-Kinzig-Kreis,4,7,3,0,11,71,65,3
2021-08-28,06,Hessen,06435,LK Main-Kinzig-Kreis,4,7,3,0,11,72,66,3
2021-08-29,06,Hessen,06435,LK Main-Kinzig-Kreis,4,7,4,0,16,66,59,9
2021-08-30,06,Hessen,06435,LK Main-Kinzig-Kreis,4,7,5,0,15,68,61,8
2021-08-31,06,Hessen,06435,LK Main-Kinzig-Kreis,4,7,7,1,13,69,63,5
2021-09-01,06,Hessen,06435,LK Main-Kinzig-Kreis,4,7,6,1,8,72,64,2
2021-09-02,06,Hessen,06435,LK Main-Kinzig-Kreis,4,7,6,1,9,71,61,6
2021-09-03,06,Hessen,06435,LK Main-Kinzig-Kreis,4,7,8,2,6,75,65,2
2021-09-04,06,Hessen,06435,LK Main-Kinzig-Kreis,4,7,9,2,7,75,65,3
2021-09-05,06,Hessen,06435,LK Main-Kinzig-Kreis,4,7,8,2,9,72,62,5
2021-09-06,06,Hessen,06435,LK Main-Kinzig-Kreis,4,7,8,2,11,70,60,7
2021-09-07,06,Hessen,06435,LK Main-Kinzig-Kreis,4,7,8,2,10,71,61,6
2021-09-08,06,Hessen,06435,LK Main-Kinzig-Kreis,4,7,7,2,11,71,63,5
2021-09-09,06,Hessen,06435,LK Main-Kinzig-Kreis,4,7,7,2,11,72,64,5
2021-09-10,06,Hessen,06435,LK Main-Kinzig-Kreis,4,7,7,2,8,78,67,2
2021-09-11,06,Hessen,06435,LK Main-Kinzig-Kreis,4,7,6,2,10,75,64,4
2021-09-12,06,Hessen,06435,LK Main-Kinzig-Kreis,4,7,7,2,9,76,64,5
2021-09-13,06,Hessen,06435,LK Main-Kinzig-Kreis,4,7,7,2,8,75,65,4
2021-09-14,06,Hessen,06435,LK Main-Kinzig-Kreis,4,7,9,2,7,75,65,3
2021-09-15,06,Hessen,06435,LK Main-Kinzig-Kreis,4,7,7,3,11,74,66,6
2021-09-16,06,Hessen,06435,LK Main-Kinzig-Kreis,4,7,6,3,12,74,66,7
2021-09-17,06,Hessen,06435,LK Main-Kinzig-Kreis,4,7,6,3,6,76,66,3
2021-09-18,06,Hessen,06435,LK Main-Kinzig-Kreis,4,7,6,2,7,74,65,3
2021-09-19,06,Hessen,06435,LK Main-Kinzig-Kreis,4,7,5,2,9,71,63,4
2021-09-20,06,Hessen,06435,LK Main-Kinzig-Kreis,4,7,5,2,12,69,61,7
2021-09-21,06,Hessen,06435,LK Main-Kinzig-Kreis,4,7,5,2,13,68,61,7
2021-09-22,06,Hessen,06435,LK Main-Kinzig-Kreis,4,7,6,2,8,74,65,4
2021-09-23,06,Hessen,06435,LK Main-Kinzig-Kreis,4,7,5,2,9,72,63,4
2021-09-24,06,Hessen,06435,LK Main-Kinzig-Kreis,4,7,5,2,11,70,61,6
2021-09-25,06,Hessen,06435,LK Main-Kinzig-Kreis,4,7,3,2,18,63,55,12
2021-09-26,06,Hessen,06435,LK Main-Kinzig-Kreis,4,7,4,3,12,69,60,7
2021-09-27,06,Hessen,06435,LK Main-Kinzig-Kreis,4,7,7,3,10,71,63,4
2021-09-28,06,Hessen,06435,LK Main-Kinzig-Kreis,4,7,6,2,13,68,62,5
2021-09-29,06,Hessen,06435,LK Main-Kinzig-Kreis,4,7,5,2,12,69,60,7
2021-09-30,06,Hessen,06435,LK Main-Kinzig-Kreis,4,7,5,1,13,70,62,7
2021-10-01,06,Hessen,06435,LK Main-Kinzig-Kreis,4,7,7,2,11,71,63,5
2021-10-02,06,Hessen,06435,LK Main-Kinzig-Kreis,4,7,6,2,11,70,61,7
2021-10-03,06,Hessen,06435,LK Main-Kinzig-Kreis,4,7,5,2,10,70,61,7
2021-10-04,06,Hessen,06435,LK Main-Kinzig-Kreis,4,7,6,2,10,69,62,5
2021-10-05,06,Hessen,06435,LK Main-Kinzig-Kreis,4,7,6,2,8,72,65,3
2021-10-06,06,Hessen,06435,LK Main-Kinzig-Kreis,4,7,5,2,12,67,61,6
2021-10-07,06,Hessen,06435,LK Main-Kinzig-Kreis,4,7,6,2,6,70,62,2
2021-10-08,06,Hessen,06435,LK Main-Kinzig-Kreis,4,7,7,3,5,72,62,3
2021-10-09,06,Hessen,06435,LK Main-Kinzig-Kreis,4,7,6,2,6,70,59,5
2021-10-10,06,Hessen,06435,LK Main-Kinzig-Kreis,4,7,6,2,9,79,58,6
2021-10-11,06,Hessen,06435,LK Main-Kinzig-Kreis,4,7,7,2,6,72,60,4
2021-10-12,06,Hessen,06435,LK Main-Kinzig-Kreis,4,7,6,1,10,74,66,4
2021-10-13,06,Hessen,06435,LK Main-Kinzig-Kreis,4,7,5,1,12,71,62,7
2021-10-14,06,Hessen,06435,LK Main-Kinzig-Kreis,4,7,7,2,6,77,67,2
2021-10-15,06,Hessen,06435,LK Main-Kinzig-Kreis,4,7,7,2,6,77,67,2
2021-10-16,06,Hessen,06435,LK Main-Kinzig-Kreis,4,7,6,2,11,72,64,5
2021-10-17,06,Hessen,06435,LK Main-Kinzig-Kreis,4,7,6,2,9,73,64,5
2021-10-18,06,Hessen,06435,LK Main-Kinzig-Kreis,4,7,5,2,8,72,63,4
2021-10-19,06,Hessen,06435,LK Main-Kinzig-Kreis,4,7,5,2,11,68,59,7
2021-10-20,06,Hessen,06435,LK Main-Kinzig-Kreis,4,7,5,2,8,73,63,4
2021-10-21,06,Hessen,06435,LK Main-Kinzig-Kreis,4,7,5,2,5,74,63,3
2021-10-22,06,Hessen,06435,LK Main-Kinzig-Kreis,4,7,5,2,6,75,64,3
2021-10-23,06,Hessen,06435,LK Main-Kinzig-Kreis,4,7,4,1,7,74,64,3
2021-10-24,06,Hessen,06435,LK Main-Kinzig-Kreis,4,7,4,1,6,75,65,2
2021-10-25,06,Hessen,06435,LK Main-Kinzig-Kreis,4,7,5,1,10,68,60,5
2021-10-26,06,Hessen,06435,LK Main-Kinzig-Kreis,4,7,6,1,8,67,58,3
2021-10-27,06,Hessen,06435,LK Main-Kinzig-Kreis,4,7,6,2,7,72,63,2
2021-10-28,06,Hessen,06435,LK Main-Kinzig-Kreis,4,7,6,2,8,71,64,1
2021-10-29,06,Hessen,06435,LK Main-Kinzig-Kreis,4,7,6,3,6,73,62,3
2021-10-30,06,Hessen,06435,LK Main-Kinzig-Kreis,4,7,7,3,5,73,63,1
2021-10-31,06,Hessen,06435,LK Main-Kinzig-Kreis,4,7,9,3,5,73,65,0
2021-11-01,06,Hessen,06435,LK Main-Kinzig-Kreis,4,7,10,3,11,71,64,5
2021-11-02,06,Hessen,06435,LK Main-Kinzig-Kreis,4,7,14,4,6,76,66,3
2021-11-03,06,Hessen,06435,LK Main-Kinzig-Kreis,4,7,13,5,3,79,68,1
2021-11-04,06,Hessen,06435,LK Main-Kinzig-Kreis,4,7,13,5,5,78,66,3
2021-11-05,06,Hessen,06435,LK Main-Kinzig-Kreis,4,7,12,5,3,80,68,1
2021-11-06,06,Hessen,06435,LK Main-Kinzig-Kreis,4,7,13,5,4,79,68,1
2021-11-07,06,Hessen,06435,LK Main-Kinzig-Kreis,4,7,13,5,2,81,69,0
2021-11-08,06,Hessen,06435,LK Main-Kinzig-Kreis,4,7,11,5,10,73,64,5
2021-11-09,06,Hessen,06435,LK Main-Kinzig-Kreis,4,7,12,5,13,71,62,8
2021-11-10,06,Hessen,06435,LK Main-Kinzig-Kreis,4,7,10,4,9,74,66,3
2021-11-11,06,Hessen,06435,LK Main-Kinzig-Kreis,4,7,10,4,9,74,66,3
2021-11-12,06,Hessen,06435,LK Main-Kinzig-Kreis,4,7,10,5,7,75,65,3
2021-11-13,06,Hessen,06435,LK Main-Kinzig-Kreis,4,7,11,5,11,72,64,5
2021-11-14,06,Hessen,06435,LK Main-Kinzig-Kreis,4,7,11,3,13,68,61,6
2021-11-15,06,Hessen,06435,LK Main-Kinzig-Kreis,4,7,12,4,12,69,65,3
2021-11-16,06,Hessen,06435,LK Main-Kinzig-Kreis,4,7,12,7,11,72,68,2
2021-11-17,06,Hessen,06435,LK Main-Kinzig-Kreis,4,7,15,7,8,76,70,1
2021-11-18,06,Hessen,06435,LK Main-Kinzig-Kreis,4,7,11,5,9,73,67,2
2021-11-19,06,Hessen,06435,LK Main-Kinzig-Kreis,4,7,11,5,9,73,66,3
2021-11-20,06,Hessen,06435,LK Main-Kinzig-Kreis,4,7,10,5,7,75,68,1
2021-11-21,06,Hessen,06435,LK Main-Kinzig-Kreis,4,7,10,5,12,70,64,5
2021-11-22,06,Hessen,06435,LK Main-Kinzig-Kreis,4,7,11,5,11,70,67,1
2021-11-23,06,Hessen,06435,LK Main-Kinzig-Kreis,4,7,13,5,12,73,69,3
2021-11-24,06,Hessen,06435,LK Main-Kinzig-Kreis,4,7,13,5,10,73,67,3
2021-11-25,06,Hessen,06435,LK Main-Kinzig-Kreis,4,7,13,5,8,76,69,2
2021-11-26,06,Hessen,06435,LK Main-Kinzig-Kreis,4,7,12,5,8,75,67,3
2021-11-27,06,Hessen,06435,LK Main-Kinzig-Kreis,4,7,13,5,6,75,66,2
2021-11-28,06,Hessen,06435,LK Main-Kinzig-Kreis,4,7,13,5,8,72,64,3
2021-11-29,06,Hessen,06435,LK Main-Kinzig-Kreis,4,7,15,7,6,77,68,2
2021-11-30,06,Hessen,06435,LK Main-Kinzig-Kreis,4,7,14,6,6,76,67,3
2021-12-01,06,Hessen,06435,LK Main-Kinzig-Kreis,4,7,13,4,3,79,70,0
2021-12-02,06,Hessen,06435,LK Main-Kinzig-Kreis,4,7,15,4,6,79,69,3
2021-12-03,06,Hessen,06435,LK Main-Kinzig-Kreis,4,7,12,4,5,79,68,3
2021-12-04,06,Hessen,06435,LK Main-Kinzig-Kreis,4,7,11,4,6,77,67,3
2021-12-05,06,Hessen,06435,LK Main-Kinzig-Kreis,4,7,10,4,1,82,70,0
2021-12-06,06,Hessen,06435,LK Main-Kinzig-Kreis,4,7,11,4,5,79,68,3
2021-12-07,06,Hessen,06435,LK Main-Kinzig-Kreis,4,7,11,5,5,79,66,5
2021-12-08,06,Hessen,06435,LK Main-Kinzig-Kreis,4,7,14,5,3,81,70,1
2021-12-09,06,Hessen,06435,LK Main-Kinzig-Kreis,4,7,13,5,5,75,65,2
2021-12-10,06,Hessen,06435,LK Main-Kinzig-Kreis,4,7,12,4,8,72,64,3
2021-12-11,06,Hessen,06435,LK Main-Kinzig-Kreis,4,7,12,5,7,75,66,3
2021-12-12,06,Hessen,06435,LK Main-Kinzig-Kreis,4,7,13,6,6,75,66,2
2021-12-13,06,Hessen,06435,LK Main-Kinzig-Kreis,4,7,14,7,5,76,64,4
2021-12-14,06,Hessen,06435,LK Main-Kinzig-Kreis,4,7,15,7,5,79,68,3
2021-12-15,06,Hessen,06435,LK Main-Kinzig-Kreis,4,7,14,6,4,78,67,2
2021-12-16,06,Hessen,06435,LK Main-Kinzig-Kreis,4,7,17,5,4,79,68,2
2021-12-17,06,Hessen,06435,LK Main-Kinzig-Kreis,4,7,15,6,5,76,68,0
2021-12-18,06,Hessen,06435,LK Main-Kinzig-Kreis,4,7,14,5,5,76,68,0
2021-12-19,06,Hessen,06435,LK Main-Kinzig-Kreis,4,7,16,6,7,74,66,2
2021-12-20,06,Hessen,06435,LK Main-Kinzig-Kreis,4,7,16,6,7,75,67,2
2021-12-21,06,Hessen,06435,LK Main-Kinzig-Kreis,4,7,15,6,5,80,71,1
2021-12-22,06,Hessen,06435,LK Main-Kinzig-Kreis,4,7,15,6,7,77,67,4
2021-12-23,06,Hessen,06435,LK Main-Kinzig-Kreis,4,7,12,6,6,77,66,4
2021-12-24,06,Hessen,06435,LK Main-Kinzig-Kreis,4,7,15,7,4,77,66,2
2021-12-25,06,Hessen,06435,LK Main-Kinzig-Kreis,4,7,14,6,4,75,64,2
2021-12-26,06,Hessen,06435,LK Main-Kinzig-Kreis,4,7,14,7,11,70,63,5
2021-12-27,06,Hessen,06435,LK Main-Kinzig-Kreis,4,7,14,7,10,72,66,3
2021-12-28,06,Hessen,06435,LK Main-Kinzig-Kreis,4,7,14,7,11,70,63,5
2021-12-29,06,Hessen,06435,LK Main-Kinzig-Kreis,4,7,12,7,12,70,62,7
2021-12-30,06,Hessen,06435,LK Main-Kinzig-Kreis,4,7,13,7,6,77,66,3
2021-12-31,06,Hessen,06435,LK Main-Kinzig-Kreis,4,7,14,9,5,80,69,2
2022-01-01,06,Hessen,06435,LK Main-Kinzig-Kreis,4,7,14,8,5,79,68,2
2022-01-02,06,Hessen,06435,LK Main-Kinzig-Kreis,4,7,13,7,5,79,67,3
2022-01-03,06,Hessen,06435,LK Main-Kinzig-Kreis,4,7,13,6,5,79,67,3
2022-01-04,06,Hessen,06435,LK Main-Kinzig-Kreis,4,7,13,6,6,77,63,6
2022-01-05,06,Hessen,06435,LK Main-Kinzig-Kreis,4,7,12,6,10,75,63,8
2022-01-06,06,Hessen,06435,LK Main-Kinzig-Kreis,4,7,11,5,13,70,60,9
2022-01-07,06,Hessen,06435,LK Main-Kinzig-Kreis,4,7,12,5,11,72,62,7
2022-01-08,06,Hessen,06435,LK Main-Kinzig-Kreis,4,7,11,5,16,67,57,12
2022-01-09,06,Hessen,06435,LK Main-Kinzig-Kreis,4,7,12,5,15,69,60,10
2022-01-10,06,Hessen,06435,LK Main-Kinzig-Kreis,4,7,12,5,11,69,60,9
2022-01-11,06,Hessen,06435,LK Main-Kinzig-Kreis,4,7,11,5,8,72,62,6
2022-01-12,06,Hessen,06435,LK Main-Kinzig-Kreis,4,7,11,5,6,76,65,5
2022-01-13,06,Hessen,06435,LK Main-Kinzig-Kreis,4,7,9,4,11,72,63,7
2022-01-14,06,Hessen,06435,LK Main-Kinzig-Kreis,4,7,6,3,8,73,64,4
2022-01-15,06,Hessen,06435,LK Main-Kinzig-Kreis,4,7,7,2,11,70,61,7
2022-01-16,06,Hessen,06435,LK Main-Kinzig-Kreis,4,7,7,3,7,75,65,4
2022-01-17,06,Hessen,06435,LK Main-Kinzig-Kreis,4,7,6,3,6,77,66,4
2022-01-18,06,Hessen,06435,LK Main-Kinzig-Kreis,4,7,6,2,8,75,64,6
2022-01-19,06,Hessen,06435,LK Main-Kinzig-Kreis,4,7,8,2,11,71,61,8
2022-01-20,06,Hessen,06435,LK Main-Kinzig-Kreis,4,7,10,3,6,76,66,3
2022-01-21,06,Hessen,06435,LK Main-Kinzig-Kreis,4,7,11,4,6,75,65,3
2022-01-22,06,Hessen,06435,LK Main-Kinzig-Kreis,4,7,12,5,4,77,67,1
2022-01-23,06,Hessen,06435,LK Main-Kinzig-Kreis,4,7,11,5,10,72,62,7
2022-01-24,06,Hessen,06435,LK Main-Kinzig-Kreis,4,7,11,5,9,74,62,8
2022-01-25,06,Hessen,06435,LK Main-Kinzig-Kreis,4,7,11,5,9,72,61,7
2022-01-26,06,Hessen,06435,LK Main-Kinzig-Kreis,4,7,10,5,8,74,62,6
2022-01-27,06,Hessen,06435,LK Main-Kinzig-Kreis,4,7,10,5,6,77,66,3
2022-01-28,06,Hessen,06435,LK Main-Kinzig-Kreis,4,7,12,5,5,76,67,0
2022-01-29,06,Hessen,06435,LK Main-Kinzig-Kreis,4,7,10,4,9,69,58,6
2022-01-30,06,Hessen,06435,LK Main-Kinzig-Kreis,4,7,10,4,7,72,61,4
2022-01-31,06,Hessen,06435,LK Main-Kinzig-Kreis,4,7,10,4,13,69,58,11
2022-02-01,06,Hessen,06435,LK Main-Kinzig-Kreis,4,7,8,5,10,72,62,7
2022-02-02,06,Hessen,06435,LK Main-Kinzig-Kreis,4,7,9,5,9,71,61,6
2022-02-03,06,Hessen,06435,LK Main-Kinzig-Kreis,4,7,8,3,13,69,59,10
2022-02-04,06,Hessen,06435,LK Main-Kinzig-Kreis,4,7,12,3,6,77,68,2
2022-02-05,06,Hessen,06435,LK Main-Kinzig-Kreis,4,7,10,3,12,71,61,9
2022-02-06,06,Hessen,06435,LK Main-Kinzig-Kreis,4,7,10,3,12,69,59,9
2022-02-07,06,Hessen,06435,LK Main-Kinzig-Kreis,4,7,11,2,15,67,56,13
2022-02-08,06,Hessen,06435,LK Main-Kinzig-Kreis,4,7,12,3,8,72,62,5
2022-02-09,06,Hessen,06435,LK Main-Kinzig-Kreis,4,7,12,3,7,76,66,4
2022-02-10,06,Hessen,06435,LK Main-Kinzig-Kreis,4,7,13,3,4,77,67,1
2022-02-11,06,Hessen,06435,LK Main-Kinzig-Kreis,4,7,12,3,8,69,59,5
2022-02-12,06,Hessen,06435,LK Main-Kinzig-Kreis,4,7,12,3,8,68,58,5
2022-02-13,06,Hessen,06435,LK Main-Kinzig-Kreis,4,7,15,3,12,64,54,9
2022-02-14,06,Hessen,06435,LK Main-Kinzig-Kreis,4,7,13,3,12,66,55,10
2022-02-15,06,Hessen,06435,LK Main-Kinzig-Kreis,4,7,16,3,12,69,60,8
2022-02-16,06,Hessen,06435,LK Main-Kinzig-Kreis,4,7,14,2,8,69,60,4
2022-02-17,06,Hessen,06435,LK Main-Kinzig-Kreis,4,7,13,2,7,68,60,2
2022-02-18,06,Hessen,06435,LK Main-Kinzig-Kreis,4,7,12,2,10,67,58,6
2022-02-19,06,Hessen,06435,LK Main-Kinzig-Kreis,4,7,12,2,8,67,57,5
2022-02-20,06,Hessen,06435,LK Main-Kinzig-Kreis,4,7,11,3,10,65,57,5
2022-02-21,06,Hessen,06435,LK Main-Kinzig-Kreis,4,7,11,3,10,70,61,6
2022-02-22,06,Hessen,06435,LK Main-Kinzig-Kreis,4,7,11,3,8,75,65,4
2022-02-23,06,Hessen,06435,LK Main-Kinzig-Kreis,4,7,10,3,10,73,63,6
2022-02-24,06,Hessen,06435,LK Main-Kinzig-Kreis,4,7,9,3,8,73,63,4
2022-02-25,06,Hessen,06435,LK Main-Kinzig-Kreis,4,7,8,3,9,73,61,7
2022-02-26,06,Hessen,06435,LK Main-Kinzig-Kreis,4,7,8,3,8,73,62,5
2022-02-27,06,Hessen,06435,LK Main-Kinzig-Kreis,4,7,9,3,10,71,60,7
2022-02-28,06,Hessen,06435,LK Main-Kinzig-Kreis,4,7,9,3,6,76,65,3
2022-03-01,06,Hessen,06435,LK Main-Kinzig-Kreis,4,7,9,3,8,77,66,5
2022-03-02,06,Hessen,06435,LK Main-Kinzig-Kreis,4,7,9,4,8,75,65,4
2022-03-03,06,Hessen,06435,LK Main-Kinzig-Kreis,4,7,9,4,9,75,63,7
2022-03-04,06,Hessen,06435,LK Main-Kinzig-Kreis,4,7,7,3,11,73,61,9
2022-03-05,06,Hessen,06435,LK Main-Kinzig-Kreis,4,7,8,3,7,74,62,5
2022-03-06,06,Hessen,06435,LK Main-Kinzig-Kreis,4,7,10,5,11,71,59,9
2022-03-07,06,Hessen,06435,LK Main-Kinzig-Kreis,4,7,8,5,13,70,62,7
2022-03-08,06,Hessen,06435,LK Main-Kinzig-Kreis,4,7,8,3,9,73,64,4
2022-03-09,06,Hessen,06435,LK Main-Kinzig-Kreis,4,7,8,2,10,74,64,6
2022-03-10,06,Hessen,06435,LK Main-Kinzig-Kreis,4,7,9,1,9,74,63,6
2022-03-11,06,Hessen,06435,LK Main-Kinzig-Kreis,4,7,7,0,8,74,62,6
2022-03-12,06,Hessen,06435,LK Main-Kinzig-Kreis,4,7,8,0,12,70,59,9
2022-03-13,06,Hessen,06435,LK Main-Kinzig-Kreis,4,7,6,0,13,69,58,10
2022-03-14,06,Hessen,06435,LK Main-Kinzig-Kreis,4,7,9,0,8,74,64,4
2022-03-15,06,Hessen,06435,LK Main-Kinzig-Kreis,4,7,8,1,10,73,62,7
2022-03-16,06,Hessen,06435,LK Main-Kinzig-Kreis,4,7,8,1,12,72,63,7
2022-03-17,06,Hessen,06435,LK Main-Kinzig-Kreis,4,7,10,1,9,71,61,5
2022-03-18,06,Hessen,06435,LK Main-Kinzig-Kreis,4,7,7,1,5,76,64,3
2022-03-19,06,Hessen,06435,LK Main-Kinzig-Kreis,4,7,7,2,5,75,63,3
2022-03-20,06,Hessen,06435,LK Main-Kinzig-Kreis,4,7,10,3,10,71,63,4
2022-03-21,06,Hessen,06435,LK Main-Kinzig-Kreis,4,7,8,2,8,71,62,4
2022-03-22,06,Hessen,06435,LK Main-Kinzig-Kreis,4,7,7,2,10,72,64,5
2022-03-23,06,Hessen,06435,LK Main-Kinzig-Kreis,4,7,7,3,8,75,66,4
2022-03-24,06,Hessen,06435,LK Main-Kinzig-Kreis,4,7,7,2,6,77,67,2
2022-03-25,06,Hessen,06435,LK Main-Kinzig-Kreis,4,7,6,2,10,73,62,7
2022-03-26,06,Hessen,06435,LK Main-Kinzig-Kreis,4,7,7,2,6,75,65,3
2022-03-27,06,Hessen,06435,LK Main-Kinzig-Kreis,4,7,8,2,10,73,64,6
2022-03-28,06,Hessen,06435,LK Main-Kinzig-Kreis,4,7,10,3,12,71,62,8
2022-03-29,06,Hessen,06435,LK Main-Kinzig-Kreis,4,7,12,2,9,74,63,7
2022-03-30,06,Hessen,06435,LK Main-Kinzig-Kreis,4,7,9,2,11,70,61,7
2022-03-31,06,Hessen,06435,LK Main-Kinzig-Kreis,4,7,8,2,7,74,65,3
2022-04-01,06,Hessen,06435,LK Main-Kinzig-Kreis,4,7,8,2,7,74,64,4
2022-04-02,06,Hessen,06435,LK Main-Kinzig-Kreis,4,7,8,3,4,77,66,2
2022-04-03,06,Hessen,06435,LK Main-Kinzig-Kreis,4,7,8,3,7,75,64,5
2022-04-04,06,Hessen,06435,LK Main-Kinzig-Kreis,4,7,7,2,8,75,66,4
2022-04-05,06,Hessen,06435,LK Main-Kinzig-Kreis,4,7,5,3,8,72,61,6
2022-04-06,06,Hessen,06435,LK Main-Kinzig-Kreis,4,7,6,2,8,76,65,6
2022-04-07,06,Hessen,06435,LK Main-Kinzig-Kreis,4,7,8,2,13,70,61,9
2022-04-08,06,Hessen,06435,LK Main-Kinzig-Kreis,4,7,8,2,8,76,64,6
2022-04-09,06,Hessen,06435,LK Main-Kinzig-Kreis,4,7,7,2,11,72,62,8
2022-04-10,06,Hessen,06435,LK Main-Kinzig-Kreis,4,7,7,2,11,72,63,7
2022-04-11,06,Hessen,06435,LK Main-Kinzig-Kreis,4,7,7,2,9,74,62,8
2022-04-12,06,Hessen,06435,LK Main-Kinzig-Kreis,4,7,6,2,11,72,60,10
2022-04-13,06,Hessen,06435,LK Main-Kinzig-Kreis,4,7,6,2,13,71,60,10
2022-04-14,06,Hessen,06435,LK Main-Kinzig-Kreis,4,7,6,2,7,78,66,5
2022-04-15,06,Hessen,06435,LK Main-Kinzig-Kreis,4,7,6,2,8,77,66,5
2022-04-16,06,Hessen,06435,LK Main-Kinzig-Kreis,4,7,5,2,17,68,58,13
2022-04-17,06,Hessen,06435,LK Main-Kinzig-Kreis,4,7,6,2,15,69,62,9
2022-04-18,06,Hessen,06435,LK Main-Kinzig-Kreis,4,7,4,1,13,71,62,9
2022-04-19,06,Hessen,06435,LK Main-Kinzig-Kreis,4,7,5,2,15,68,59,11
2022-04-20,06,Hessen,06435,LK Main-Kinzig-Kreis,4,7,7,2,10,71,61,7
2022-04-21,06,Hessen,06435,LK Main-Kinzig-Kreis,4,7,8,2,8,73,61,7
2022-04-22,06,Hessen,06435,LK Main-Kinzig-Kreis,4,7,8,3,8,69,60,4
2022-04-23,06,Hessen,06435,LK Main-Kinzig-Kreis,4,7,10,5,9,69,59,6
2022-04-24,06,Hessen,06435,LK Main-Kinzig-Kreis,4,7,10,5,14,67,57,11
2022-04-25,06,Hessen,06435,LK Main-Kinzig-Kreis,4,7,9,6,10,72,62,7
2022-04-26,06,Hessen,06435,LK Main-Kinzig-Kreis,4,7,6,4,10,71,61,7
2022-04-27,06,Hessen,06435,LK Main-Kinzig-Kreis,4,7,6,5,12,69,58,10
2022-04-28,06,Hessen,06435,LK Main-Kinzig-Kreis,4,7,7,5,6,75,64,4
2022-04-29,06,Hessen,06435,LK Main-Kinzig-Kreis,4,7,5,4,10,70,60,8
2022-04-30,06,Hessen,06435,LK Main-Kinzig-Kreis,4,7,4,4,15,66,57,11
2022-05-01,06,Hessen,06435,LK Main-Kinzig-Kreis,4,7,3,3,14,67,59,9
2022-05-02,06,Hessen,06435,LK Main-Kinzig-Kreis,4,7,4,3,15,67,59,10
2022-05-03,06,Hessen,06435,LK Main-Kinzig-Kreis,4,7,6,3,10,72,62,7
2022-05-04,06,Hessen,06435,LK Main-Kinzig-Kreis,4,7,4,3,13,69,60,9
2022-05-05,06,Hessen,06435,LK Main-Kinzig-Kreis,4,7,4,2,10,73,66,4
2022-05-06,06,Hessen,06435,LK Main-Kinzig-Kreis,4,7,3,1,7,72,65,1
2022-05-07,06,Hessen,06435,LK Main-Kinzig-Kreis,4,7,3,1,8,74,64,5
2022-05-08,06,Hessen,06435,LK Main-Kinzig-Kreis,4,7,3,1,12,69,62,6
2022-05-09,06,Hessen,06435,LK Main-Kinzig-Kreis,4,7,5,1,14,68,60,9
2022-05-10,06,Hessen,06435,LK Main-Kinzig-Kreis,4,7,3,0,14,67,60,8
2022-05-11,06,Hessen,06435,LK Main-Kinzig-Kreis,4,7,4,0,8,74,64,5
2022-05-12,06,Hessen,06435,LK Main-Kinzig-Kreis,4,7,4,0,12,71,62,8
2022-05-13,06,Hessen,06435,LK Main-Kinzig-Kreis,4,7,5,0,6,77,67,3
2022-05-14,06,Hessen,06435,LK Main-Kinzig-Kreis,4,7,5,1,9,74,65,5
2022-05-15,06,Hessen,06435,LK Main-Kinzig-Kreis,4,7,3,1,11,71,62,7
2022-05-16,06,Hessen,06435,LK Main-Kinzig-Kreis,4,7,2,0,13,70,59,10
2022-05-17,06,Hessen,06435,LK Main-Kinzig-Kreis,4,7,3,0,13,69,59,9
2022-05-18,06,Hessen,06435,LK Main-Kinzig-Kreis,4,7,4,0,9,75,64,6
2022-05-19,06,Hessen,06435,LK Main-Kinzig-Kreis,4,7,2,0,4,79,68,1
2022-05-20,06,Hessen,06435,LK Main-Kinzig-Kreis,4,7,1,0,5,78,68,1
2022-05-21,06,Hessen,06435,LK Main-Kinzig-Kreis,4,7,1,0,8,76,66,4
2022-05-22,06,Hessen,06435,LK Main-Kinzig-Kreis,4,7,1,0,4,80,70,0
2022-05-23,06,Hessen,06435,LK Main-Kinzig-Kreis,4,7,1,0,10,71,63,5
2022-05-24,06,Hessen,06435,LK Main-Kinzig-Kreis,4,7,1,0,6,75,66,2
2022-05-25,06,Hessen,06435,LK Main-Kinzig-Kreis,4,7,2,0,11,72,65,5
2022-05-26,06,Hessen,06435,LK Main-Kinzig-Kreis,4,7,2,0,6,77,68,2
2022-05-27,06,Hessen,06435,LK Main-Kinzig-Kreis,4,7,2,0,15,67,59,10
2022-05-28,06,Hessen,06435,LK Main-Kinzig-Kreis,4,7,0,0,8,73,62,6
2022-05-29,06,Hessen,06435,LK Main-Kinzig-Kreis,4,7,1,0,8,75,64,6
2022-05-30,06,Hessen,06435,LK Main-Kinzig-Kreis,4,7,2,0,7,75,64,5
2022-05-31,06,Hessen,06435,LK Main-Kinzig-Kreis,4,7,1,0,10,73,64,6
2022-06-01,06,Hessen,06435,LK Main-Kinzig-Kreis,4,7,2,0,6,78,68,3
2022-06-02,06,Hessen,06435,LK Main-Kinzig-Kreis,4,7,1,0,3,81,69,2
2022-06-03,06,Hessen,06435,LK Main-Kinzig-Kreis,4,7,1,0,10,72,61,8
2022-06-04,06,Hessen,06435,LK Main-Kinzig-Kreis,4,7,1,0,5,76,66,2
2022-06-05,06,Hessen,06435,LK Main-Kinzig-Kreis,4,7,1,0,13,67,57,10
2022-06-06,06,Hessen,06435,LK Main-Kinzig-Kreis,4,7,1,0,6,72,62,3
2022-06-07,06,Hessen,06435,LK Main-Kinzig-Kreis,4,7,1,0,9,71,64,3
2022-06-08,06,Hessen,06435,LK Main-Kinzig-Kreis,4,7,1,0,9,70,63,3
2022-06-09,06,Hessen,06435,LK Main-Kinzig-Kreis,4,7,1,0,7,74,64,4
2022-06-10,06,Hessen,06435,LK Main-Kinzig-Kreis,4,7,1,0,4,78,67,1
2022-06-11,06,Hessen,06435,LK Main-Kinzig-Kreis,4,7,1,0,5,77,67,1
2022-06-12,06,Hessen,06435,LK Main-Kinzig-Kreis,4,7,1,0,9,72,62,5
2022-06-13,06,Hessen,06435,LK Main-Kinzig-Kreis,4,7,1,0,9,72,63,4
2022-06-14,06,Hessen,06435,LK Main-Kinzig-Kreis,4,7,1,0,7,75,66,2
2022-06-15,06,Hessen,06435,LK Main-Kinzig-Kreis,4,7,2,1,6,76,66,2
2022-06-16,06,Hessen,06435,LK Main-Kinzig-Kreis,4,7,2,1,5,77,66,2
2022-06-17,06,Hessen,06435,LK Main-Kinzig-Kreis,4,7,2,1,7,75,63,5
2022-06-18,06,Hessen,06435,LK Main-Kinzig-Kreis,4,7,1,0,8,73,61,6
2022-06-19,06,Hessen,06435,LK Main-Kinzig-Kreis,4,7,2,1,5,76,64,3
2022-06-20,06,Hessen,06435,LK Main-Kinzig-Kreis,4,7,3,1,5,75,65,1
2022-06-21,06,Hessen,06435,LK Main-Kinzig-Kreis,4,7,2,0,7,74,64,3
2022-06-22,06,Hessen,06435,LK Main-Kinzig-Kreis,4,7,0,0,4,76,66,0
2022-06-23,06,Hessen,06435,LK Main-Kinzig-Kreis,4,7,0,0,4,76,66,0
2022-06-24,06,Hessen,06435,LK Main-Kinzig-Kreis,4,7,0,0,3,77,66,0
2022-06-25,06,Hessen,06435,LK Main-Kinzig-Kreis,4,7,3,0,4,75,64,1
2022-06-26,06,Hessen,06435,LK Main-Kinzig-Kreis,4,7,3,1,7,71,61,3
2022-06-27,06,Hessen,06435,LK Main-Kinzig-Kreis,4,7,4,2,5,77,66,2
2022-06-28,06,Hessen,06435,LK Main-Kinzig-Kreis,4,7,4,1,2,81,68,0
2022-06-29,06,Hessen,06435,LK Main-Kinzig-Kreis,4,7,4,1,2,81,68,0
2022-06-30,06,Hessen,06435,LK Main-Kinzig-Kreis,4,7,2,1,5,78,66,2
2022-07-01,06,Hessen,06435,LK Main-Kinzig-Kreis,4,7,4,1,7,75,65,3
2022-07-02,06,Hessen,06435,LK Main-Kinzig-Kreis,4,7,1,0,6,76,66,2
2022-07-03,06,Hessen,06435,LK Main-Kinzig-Kreis,4,7,1,0,7,76,66,3
2022-07-04,06,Hessen,06435,LK Main-Kinzig-Kreis,4,7,2,0,9,72,62,5
2022-07-05,06,Hessen,06435,LK Main-Kinzig-Kreis,4,7,3,0,7,76,66,3
2022-07-06,06,Hessen,06435,LK Main-Kinzig-Kreis,4,7,2,0,10,72,64,4
2022-07-07,06,Hessen,06435,LK Main-Kinzig-Kreis,4,7,1,0,9,75,65,5
2022-07-08,06,Hessen,06435,LK Main-Kinzig-Kreis,4,7,1,0,6,72,63,1
2022-07-09,06,Hessen,06435,LK Main-Kinzig-Kreis,4,7,1,0,8,69,59,3
2022-07-10,06,Hessen,06435,LK Main-Kinzig-Kreis,4,7,2,0,10,67,56,6
2022-07-11,06,Hessen,06435,LK Main-Kinzig-Kreis,4,7,1,0,9,69,59,4
2022-07-12,06,Hessen,06435,LK Main-Kinzig-Kreis,4,7,1,0,8,69,59,3
2022-07-13,06,Hessen,06435,LK Main-Kinzig-Kreis,4,7,3,0,8,69,60,2
2022-07-14,06,Hessen,06435,LK Main-Kinzig-Kreis,4,7,3,0,9,70,60,4
2022-07-15,06,Hessen,06435,LK Main-Kinzig-Kreis,4,7,4,0,8,72,63,2
2022-07-16,06,Hessen,06435,LK Main-Kinzig-Kreis,4,7,3,0,8,71,61,3
2022-07-17,06,Hessen,06435,LK Main-Kinzig-Kreis,4,7,5,0,5,72,61,3
2022-07-18,06,Hessen,06435,LK Main-Kinzig-Kreis,4,7,5,0,4,68,58,1
2022-07-19,06,Hessen,06435,LK Main-Kinzig-Kreis,4,7,4,0,8,68,59,3
2022-07-20,06,Hessen,06435,LK Main-Kinzig-Kreis,4,7,3,1,9,67,59,4
2022-07-21,06,Hessen,06435,LK Main-Kinzig-Kreis,4,7,5,1,6,70,59,3
2022-07-22,06,Hessen,06435,LK Main-Kinzig-Kreis,4,7,6,2,7,68,60,2
2022-07-23,06,Hessen,06435,LK Main-Kinzig-Kreis,4,7,6,2,6,68,60,1
2022-07-24,06,Hessen,06435,LK Main-Kinzig-Kreis,4,7,5,0,4,68,59,0
2022-07-25,06,Hessen,06435,LK Main-Kinzig-Kreis,4,7,6,0,5,71,59,3
2022-07-26,06,Hessen,06435,LK Main-Kinzig-Kreis,4,7,7,0,15,61,52,10
2022-07-27,06,Hessen,06435,LK Main-Kinzig-Kreis,4,7,7,0,6,70,57,5
2022-07-28,06,Hessen,06435,LK Main-Kinzig-Kreis,4,7,9,0,3,73,60,2
2022-07-29,06,Hessen,06435,LK Main-Kinzig-Kreis,4,7,10,1,5,71,57,5
2022-07-30,06,Hessen,06435,LK Main-Kinzig-Kreis,4,7,10,2,4,72,58,4
2022-07-31,06,Hessen,06435,LK Main-Kinzig-Kreis,4,7,10,2,5,71,57,5
2022-08-01,06,Hessen,06435,LK Main-Kinzig-Kreis,4,7,9,3,11,65,55,7
2022-08-02,06,Hessen,06435,LK Main-Kinzig-Kreis,4,7,10,3,10,66,56,6
2022-08-03,06,Hessen,06435,LK Main-Kinzig-Kreis,4,7,9,3,8,68,58,4
2022-08-04,06,Hessen,06435,LK Main-Kinzig-Kreis,4,7,9,3,10,68,57,6
2022-08-05,06,Hessen,06435,LK Main-Kinzig-Kreis,4,7,9,2,11,67,57,6
2022-08-06,06,Hessen,06435,LK Main-Kinzig-Kreis,4,7,9,2,7,71,62,1
2022-08-07,06,Hessen,06435,LK Main-Kinzig-Kreis,4,7,11,2,11,66,57,5
2022-08-08,06,Hessen,06435,LK Main-Kinzig-Kreis,4,7,10,2,15,63,56,7
2022-08-09,06,Hessen,06435,LK Main-Kinzig-Kreis,4,7,7,2,13,64,57,5
2022-08-10,06,Hessen,06435,LK Main-Kinzig-Kreis,4,7,7,2,14,64,59,4
2022-08-11,06,Hessen,06435,LK Main-Kinzig-Kreis,4,7,7,2,12,66,61,3
2022-08-12,06,Hessen,06435,LK Main-Kinzig-Kreis,4,7,7,2,13,65,61,3
2022-08-13,06,Hessen,06435,LK Main-Kinzig-Kreis,4,7,9,1,10,68,60,4
2022-08-14,06,Hessen,06435,LK Main-Kinzig-Kreis,4,7,9,2,13,65,56,8
2022-08-15,06,Hessen,06435,LK Main-Kinzig-Kreis,4,7,10,2,13,65,55,9
2022-08-16,06,Hessen,06435,LK Main-Kinzig-Kreis,4,7,6,1,12,66,59,5
2022-08-17,06,Hessen,06435,LK Main-Kinzig-Kreis,4,7,5,2,12,67,59,6
2022-08-18,06,Hessen,06435,LK Main-Kinzig-Kreis,4,7,4,2,13,65,56,8
2022-08-19,06,Hessen,06435,LK Main-Kinzig-Kreis,4,7,3,1,13,65,57,7
2022-08-20,06,Hessen,06435,LK Main-Kinzig-Kreis,4,7,3,1,14,64,55,9
2022-08-21,06,Hessen,06435,LK Main-Kinzig-Kreis,4,7,3,1,15,63,55,9
2022-08-22,06,Hessen,06435,LK Main-Kinzig-Kreis,4,7,3,1,11,64,56,5
2022-08-23,06,Hessen,06435,LK Main-Kinzig-Kreis,4,7,5,1,11,64,56,5
2022-08-24,06,Hessen,06435,LK Main-Kinzig-Kreis,4,7,5,1,7,69,58,4
2022-08-25,06,Hessen,06435,LK Main-Kinzig-Kreis,4,7,5,1,4,72,60,2
2022-08-26,06,Hessen,06435,LK Main-Kinzig-Kreis,4,7,5,1,6,70,58,4
2022-08-27,06,Hessen,06435,LK Main-Kinzig-Kreis,4,7,3,0,7,69,57,5
2022-08-28,06,Hessen,06435,LK Main-Kinzig-Kreis,4,7,3,0,9,68,57,6
2022-08-29,06,Hessen,06435,LK Main-Kinzig-Kreis,4,7,4,0,9,68,59,4
2022-08-30,06,Hessen,06435,LK Main-Kinzig-Kreis,4,7,3,0,10,66,57,5
2022-08-31,06,Hessen,06435,LK Main-Kinzig-Kreis,4,7,5,0,11,65,56,6
2022-09-01,06,Hessen,06435,LK Main-Kinzig-Kreis,4,7,5,0,6,70,61,1
2022-09-02,06,Hessen,06435,LK Main-Kinzig-Kreis,4,7,5,0,9,68,59,3
2022-09-03,06,Hessen,06435,LK Main-Kinzig-Kreis,4,7,4,0,11,67,60,3
2022-09-04,06,Hessen,06435,LK Main-Kinzig-Kreis,4,7,5,0,8,71,63,1
2022-09-05,06,Hessen,06435,LK Main-Kinzig-Kreis,4,7,4,0,8,69,60,2
2022-09-06,06,Hessen,06435,LK Main-Kinzig-Kreis,4,7,4,0,7,71,61,2
2022-09-07,06,Hessen,06435,LK Main-Kinzig-Kreis,4,7,4,0,10,68,58,6
2022-09-08,06,Hessen,06435,LK Main-Kinzig-Kreis,4,7,2,0,15,59,49,11
2022-09-09,06,Hessen,06435,LK Main-Kinzig-Kreis,4,7,3,1,11,64,55,6
2022-09-10,06,Hessen,06435,LK Main-Kinzig-Kreis,4,7,3,2,11,64,55,6
2022-09-11,06,Hessen,06435,LK Main-Kinzig-Kreis,4,7,6,2,12,63,54,7
2022-09-12,06,Hessen,06435,LK Main-Kinzig-Kreis,4,7,7,2,6,66,57,1
2022-09-13,06,Hessen,06435,LK Main-Kinzig-Kreis,4,7,6,2,9,64,56,3
2022-09-14,06,Hessen,06435,LK Main-Kinzig-Kreis,4,7,5,2,10,64,55,5
2022-09-15,06,Hessen,06435,LK Main-Kinzig-Kreis,4,7,3,2,13,63,54,8
2022-09-16,06,Hessen,06435,LK Main-Kinzig-Kreis,4,7,2,1,8,64,54,3
2022-09-17,06,Hessen,06435,LK Main-Kinzig-Kreis,4,7,1,1,7,66,56,2
2022-09-18,06,Hessen,06435,LK Main-Kinzig-Kreis,4,7,2,0,6,63,53,3
2022-09-19,06,Hessen,06435,LK Main-Kinzig-Kreis,4,7,2,0,10,61,52,5
2022-09-20,06,Hessen,06435,LK Main-Kinzig-Kreis,4,7,1,0,12,59,51,6
2022-09-21,06,Hessen,06435,LK Main-Kinzig-Kreis,4,7,1,0,5,67,58,0
2022-09-22,06,Hessen,06435,LK Main-Kinzig-Kreis,4,7,2,0,5,68,59,0
2022-09-23,06,Hessen,06435,LK Main-Kinzig-Kreis,4,7,2,0,4,69,59,0
2022-09-24,06,Hessen,06435,LK Main-Kinzig-Kreis,4,7,1,0,6,67,58,1
2022-09-25,06,Hessen,06435,LK Main-Kinzig-Kreis,4,7,2,0,15,58,50,9
2022-09-26,06,Hessen,06435,LK Main-Kinzig-Kreis,4,7,3,0,7,65,55,3
2022-09-27,06,Hessen,06435,LK Main-Kinzig-Kreis,4,7,3,0,11,63,55,4
2022-09-28,06,Hessen,06435,LK Main-Kinzig-Kreis,4,7,2,0,11,63,54,5
2022-09-29,06,Hessen,06435,LK Main-Kinzig-Kreis,4,7,2,0,14,61,53,7
2022-09-30,06,Hessen,06435,LK Main-Kinzig-Kreis,4,7,2,0,6,64,56,0
2022-10-01,06,Hessen,06435,LK Main-Kinzig-Kreis,4,7,3,0,6,64,55,1
2022-10-02,06,Hessen,06435,LK Main-Kinzig-Kreis,4,7,4,0,10,64,55,5
2022-10-03,06,Hessen,06435,LK Main-Kinzig-Kreis,4,7,4,0,8,66,57,3
2022-10-04,06,Hessen,06435,LK Main-Kinzig-Kreis,4,7,5,0,9,63,54,4
2022-10-05,06,Hessen,06435,LK Main-Kinzig-Kreis,4,7,5,0,5,68,57,2
2022-10-06,06,Hessen,06435,LK Main-Kinzig-Kreis,4,7,8,1,7,67,56,4
2022-10-07,06,Hessen,06435,LK Main-Kinzig-Kreis,4,7,8,0,8,66,55,5
2022-10-08,06,Hessen,06435,LK Main-Kinzig-Kreis,4,7,8,0,6,68,57,3
2022-10-09,06,Hessen,06435,LK Main-Kinzig-Kreis,4,7,8,0,8,66,55,5
2022-10-10,06,Hessen,06435,LK Main-Kinzig-Kreis,4,7,8,0,3,71,59,1
2022-10-11,06,Hessen,06435,LK Main-Kinzig-Kreis,4,7,7,0,2,70,57,2
2022-10-12,06,Hessen,06435,LK Main-Kinzig-Kreis,4,7,8,0,3,68,56,3
2022-10-13,06,Hessen,06435,LK Main-Kinzig-Kreis,4,7,10,1,4,67,55,4
2022-10-14,06,Hessen,06435,LK Main-Kinzig-Kreis,4,7,10,1,5,68,58,2
2022-10-15,06,Hessen,06435,LK Main-Kinzig-Kreis,4,7,9,1,5,70,60,2
2022-10-16,06,Hessen,06435,LK Main-Kinzig-Kreis,4,7,8,1,10,63,52,8
2022-10-17,06,Hessen,06435,LK Main-Kinzig-Kreis,4,7,8,1,14,58,48,11
2022-10-18,06,Hessen,06435,LK Main-Kinzig-Kreis,4,7,7,1,18,54,45,14
2022-10-19,06,Hessen,06435,LK Main-Kinzig-Kreis,4,7,10,1,18,54,44,15
2022-10-20,06,Hessen,06435,LK Main-Kinzig-Kreis,4,7,10,2,12,60,50,9
2022-10-21,06,Hessen,06435,LK Main-Kinzig-Kreis,4,7,11,3,7,61,52,3
2022-10-22,06,Hessen,06435,LK Main-Kinzig-Kreis,4,7,10,3,8,62,53,3
2022-10-23,06,Hessen,06435,LK Main-Kinzig-Kreis,4,7,9,2,11,59,48,8
2022-10-24,06,Hessen,06435,LK Main-Kinzig-Kreis,4,7,7,2,15,55,45,11
2022-10-25,06,Hessen,06435,LK Main-Kinzig-Kreis,4,7,6,0,16,56,47,11
2022-10-26,06,Hessen,06435,LK Main-Kinzig-Kreis,4,7,7,0,15,57,47,11
2022-10-27,06,Hessen,06435,LK Main-Kinzig-Kreis,4,7,7,0,10,62,51,7
2022-10-28,06,Hessen,06435,LK Main-Kinzig-Kreis,4,7,7,0,12,60,51,7
2022-10-29,06,Hessen,06435,LK Main-Kinzig-Kreis,4,7,7,0,14,58,49,9
2022-10-30,06,Hessen,06435,LK Main-Kinzig-Kreis,4,7,5,0,17,55,45,13
2022-10-31,06,Hessen,06435,LK Main-Kinzig-Kreis,4,7,5,0,8,63,54,3
2022-11-01,06,Hessen,06435,LK Main-Kinzig-Kreis,4,7,5,0,14,58,50,8
2022-11-02,06,Hessen,06435,LK Main-Kinzig-Kreis,4,7,5,0,13,60,51,8
2022-11-03,06,Hessen,06435,LK Main-Kinzig-Kreis,4,7,4,0,16,57,48,11
2022-11-04,06,Hessen,06435,LK Main-Kinzig-Kreis,4,7,3,0,15,59,45,14
2022-11-05,06,Hessen,06435,LK Main-Kinzig-Kreis,4,7,3,0,11,64,51,9
2022-11-06,06,Hessen,06435,LK Main-Kinzig-Kreis,4,7,3,1,9,65,51,9
2022-11-07,06,Hessen,06435,LK Main-Kinzig-Kreis,4,7,3,1,6,67,54,5
2022-11-08,06,Hessen,06435,LK Main-Kinzig-Kreis,4,7,4,2,4,68,55,3
2022-11-09,06,Hessen,06435,LK Main-Kinzig-Kreis,4,7,4,0,5,67,53,5
2022-11-10,06,Hessen,06435,LK Main-Kinzig-Kreis,4,7,4,0,6,66,52,6
2022-11-11,06,Hessen,06435,LK Main-Kinzig-Kreis,4,7,5,0,9,65,52,7
2022-11-12,06,Hessen,06435,LK Main-Kinzig-Kreis,4,7,4,1,13,60,47,11
2022-11-13,06,Hessen,06435,LK Main-Kinzig-Kreis,4,7,4,1,7,67,54,5
2022-11-14,06,Hessen,06435,LK Main-Kinzig-Kreis,4,7,3,0,5,68,54,4
2022-11-15,06,Hessen,06435,LK Main-Kinzig-Kreis,4,7,4,0,3,70,57,2
2022-11-16,06,Hessen,06435,LK Main-Kinzig-Kreis,4,7,4,0,2,71,59,0
2022-11-17,06,Hessen,06435,LK Main-Kinzig-Kreis,4,7,4,0,4,71,59,2
2022-11-18,06,Hessen,06435,LK Main-Kinzig-Kreis,4,7,4,0,4,70,58,2
2022-11-19,06,Hessen,06435,LK Main-Kinzig-Kreis,4,7,4,0,4,69,57,2
2022-11-20,06,Hessen,06435,LK Main-Kinzig-Kreis,4,7,4,0,4,69,57,2
2022-11-21,06,Hessen,06435,LK Main-Kinzig-Kreis,4,7,4,0,1,73,60,0
2022-11-22,06,Hessen,06435,LK Main-Kinzig-Kreis,4,7,2,0,4,69,57,2
2022-11-23,06,Hessen,06435,LK Main-Kinzig-Kreis,4,7,3,0,4,71,58,3
2022-11-24,06,Hessen,06435,LK Main-Kinzig-Kreis,4,7,1,0,6,66,52,6
2022-11-25,06,Hessen,06435,LK Main-Kinzig-Kreis,4,7,3,0,10,62,49,9
2022-11-26,06,Hessen,06435,LK Main-Kinzig-Kreis,4,7,3,0,8,65,51,8
2022-11-27,06,Hessen,06435,LK Main-Kinzig-Kreis,4,7,3,0,7,66,54,5
2022-11-28,06,Hessen,06435,LK Main-Kinzig-Kreis,4,7,2,0,9,66,52,8
2022-11-29,06,Hessen,06435,LK Main-Kinzig-Kreis,4,7,0,0,5,69,56,4
2022-11-30,06,Hessen,06435,LK Main-Kinzig-Kreis,4,7,1,1,6,69,55,6
2022-12-01,06,Hessen,06435,LK Main-Kinzig-Kreis,4,7,1,1,8,67,53,7
2022-12-02,06,Hessen,06435,LK Main-Kinzig-Kreis,4,7,1,1,7,67,54,5
2022-12-03,06,Hessen,06435,LK Main-Kinzig-Kreis,4,7,1,1,9,65,52,7
2022-12-04,06,Hessen,06435,LK Main-Kinzig-Kreis,4,7,1,1,9,65,51,8
2022-12-05,06,Hessen,06435,LK Main-Kinzig-Kreis,4,7,2,1,9,64,50,8
2022-12-06,06,Hessen,06435,LK Main-Kinzig-Kreis,4,7,2,1,11,62,48,10
2022-12-07,06,Hessen,06435,LK Main-Kinzig-Kreis,4,7,2,1,6,67,53,5
2022-12-08,06,Hessen,06435,LK Main-Kinzig-Kreis,4,7,3,1,4,70,56,3
2022-12-09,06,Hessen,06435,LK Main-Kinzig-Kreis,4,7,3,1,4,69,56,3
2022-12-10,06,Hessen,06435,LK Main-Kinzig-Kreis,4,7,3,1,6,68,55,5
2022-12-11,06,Hessen,06435,LK Main-Kinzig-Kreis,4,7,3,1,8,66,52,8
2022-12-12,06,Hessen,06435,LK Main-Kinzig-Kreis,4,7,2,0,3,71,57,3
2022-12-13,06,Hessen,06435,LK Main-Kinzig-Kreis,4,7,2,0,4,70,55,3
2022-12-14,06,Hessen,06435,LK Main-Kinzig-Kreis,4,7,3,0,3,69,54,2
2022-12-15,06,Hessen,06435,LK Main-Kinzig-Kreis,4,7,2,0,5,68,54,4
2022-12-16,06,Hessen,06435,LK Main-Kinzig-Kreis,4,7,2,1,3,69,57,1
2022-12-17,06,Hessen,06435,LK Main-Kinzig-Kreis,4,7,2,2,10,63,50,8
2022-12-18,06,Hessen,06435,LK Main-Kinzig-Kreis,4,7,3,2,6,68,54,5
2022-12-19,06,Hessen,06435,LK Main-Kinzig-Kreis,4,7,3,2,7,67,52,6
2022-12-20,06,Hessen,06435,LK Main-Kinzig-Kreis,4,7,3,2,6,71,56,5
2022-12-21,06,Hessen,06435,LK Main-Kinzig-Kreis,4,7,4,2,10,63,49,8
2022-12-22,06,Hessen,06435,LK Main-Kinzig-Kreis,4,7,5,1,7,69,55,5
2022-12-23,06,Hessen,06435,LK Main-Kinzig-Kreis,4,7,8,1,4,71,58,2
2022-12-24,06,Hessen,06435,LK Main-Kinzig-Kreis,4,7,4,2,3,72,57,2
2022-12-25,06,Hessen,06435,LK Main-Kinzig-Kreis,4,7,5,2,9,66,53,7
2022-12-26,06,Hessen,06435,LK Main-Kinzig-Kreis,4,7,4,2,6,70,57,4
2022-12-27,06,Hessen,06435,LK Main-Kinzig-Kreis,4,7,4,2,7,67,56,4
2022-12-28,06,Hessen,06435,LK Main-Kinzig-Kreis,4,7,4,2,8,67,54,6
2022-12-29,06,Hessen,06435,LK Main-Kinzig-Kreis,4,7,3,2,10,66,53,8
2022-12-30,06,Hessen,06435,LK Main-Kinzig-Kreis,4,7,4,2,10,66,54,7
2022-12-31,06,Hessen,06435,LK Main-Kinzig-Kreis,4,7,6,2,12,64,51,10
2023-01-01,06,Hessen,06435,LK Main-Kinzig-Kreis,4,7,7,2,14,62,50,11
2023-01-02,06,Hessen,06435,LK Main-Kinzig-Kreis,4,7,6,2,8,69,57,5
2023-01-03,06,Hessen,06435,LK Main-Kinzig-Kreis,4,7,7,2,4,74,61,2
2023-01-04,06,Hessen,06435,LK Main-Kinzig-Kreis,4,7,8,2,4,73,60,2
2023-01-05,06,Hessen,06435,LK Main-Kinzig-Kreis,4,7,7,0,6,71,59,3
2023-01-06,06,Hessen,06435,LK Main-Kinzig-Kreis,4,7,4,2,8,67,54,6
2023-01-07,06,Hessen,06435,LK Main-Kinzig-Kreis,4,7,5,1,7,68,56,4
2023-01-08,06,Hessen,06435,LK Main-Kinzig-Kreis,4,7,5,0,8,67,56,5
2023-01-09,06,Hessen,06435,LK Main-Kinzig-Kreis,4,7,6,1,5,67,57,1
2023-01-10,06,Hessen,06435,LK Main-Kinzig-Kreis,4,7,6,1,5,67,56,2
2023-01-11,06,Hessen,06435,LK Main-Kinzig-Kreis,4,7,7,2,5,70,59,2
2023-01-12,06,Hessen,06435,LK Main-Kinzig-Kreis,4,7,3,1,4,71,60,1
2023-01-13,06,Hessen,06435,LK Main-Kinzig-Kreis,4,7,3,0,5,71,58,3
2023-01-14,06,Hessen,06435,LK Main-Kinzig-Kreis,4,7,2,0,5,71,58,3
2023-01-15,06,Hessen,06435,LK Main-Kinzig-Kreis,4,7,1,0,11,63,50,9
2023-01-16,06,Hessen,06435,LK Main-Kinzig-Kreis,4,7,1,0,7,65,54,3
2023-01-17,06,Hessen,06435,LK Main-Kinzig-Kreis,4,7,1,0,8,64,54,3
2023-01-18,06,Hessen,06435,LK Main-Kinzig-Kreis,4,7,1,0,7,68,58,2
2023-01-19,06,Hessen,06435,LK Main-Kinzig-Kreis,4,7,1,0,12,64,58,3
2023-01-20,06,Hessen,06435,LK Main-Kinzig-Kreis,4,7,2,1,16,59,53,8
2023-01-21,06,Hessen,06435,LK Main-Kinzig-Kreis,4,7,2,1,17,56,50,9
2023-01-22,06,Hessen,06435,LK Main-Kinzig-Kreis,4,7,3,1,9,66,54,6
2023-01-23,06,Hessen,06435,LK Main-Kinzig-Kreis,4,7,3,1,12,63,53,7
2023-01-24,06,Hessen,06435,LK Main-Kinzig-Kreis,4,7,2,0,14,61,51,9
2023-01-25,06,Hessen,06435,LK Main-Kinzig-Kreis,4,7,1,0,9,68,59,3
2023-01-26,06,Hessen,06435,LK Main-Kinzig-Kreis,4,7,1,0,12,65,57,5
2023-01-27,06,Hessen,06435,LK Main-Kinzig-Kreis,4,7,1,0,9,66,57,3
2023-01-28,06,Hessen,06435,LK Main-Kinzig-Kreis,4,7,1,0,10,64,53,6
2023-01-29,06,Hessen,06435,LK Main-Kinzig-Kreis,4,7,1,0,4,70,57,2
2023-01-30,06,Hessen,06435,LK Main-Kinzig-Kreis,4,7,2,0,8,66,54,5
2023-01-31,06,Hessen,06435,LK Main-Kinzig-Kreis,4,7,3,1,9,62,52,5
2023-02-01,06,Hessen,06435,LK Main-Kinzig-Kreis,4,7,3,1,10,61,52,5
2023-02-02,06,Hessen,06435,LK Main-Kinzig-Kreis,4,7,3,1,10,63,53,6
2023-02-03,06,Hessen,06435,LK Main-Kinzig-Kreis,4,7,4,1,4,71,58,3
2023-02-04,06,Hessen,06435,LK Main-Kinzig-Kreis,4,7,4,1,3,73,61,0
2023-02-05,06,Hessen,06435,LK Main-Kinzig-Kreis,4,7,4,1,5,71,61,0
2023-02-06,06,Hessen,06435,LK Main-Kinzig-Kreis,4,7,4,0,5,71,61,0
2023-02-07,06,Hessen,06435,LK Main-Kinzig-Kreis,4,7,2,0,6,72,61,2
2023-02-08,06,Hessen,06435,LK Main-Kinzig-Kreis,4,7,3,0,5,71,61,0
2023-02-09,06,Hessen,06435,LK Main-Kinzig-Kreis,4,7,5,0,5,70,60,0
2023-02-10,06,Hessen,06435,LK Main-Kinzig-Kreis,4,7,2,0,6,67,57,1
2023-02-11,06,Hessen,06435,LK Main-Kinzig-Kreis,4,7,2,1,6,67,57,1
2023-02-12,06,Hessen,06435,LK Main-Kinzig-Kreis,4,7,2,1,5,71,57,2
2023-02-13,06,Hessen,06435,LK Main-Kinzig-Kreis,4,7,1,1,5,74,60,2
2023-02-14,06,Hessen,06435,LK Main-Kinzig-Kreis,4,7,1,1,5,68,54,3
2023-02-15,06,Hessen,06435,LK Main-Kinzig-Kreis,4,7,3,1,7,71,59,2
2023-02-16,06,Hessen,06435,LK Main-Kinzig-Kreis,4,7,1,0,9,65,55,4
2023-02-17,06,Hessen,06435,LK Main-Kinzig-Kreis,4,7,2,0,10,64,54,5
2023-02-18,06,Hessen,06435,LK Main-Kinzig-Kreis,4,7,4,0,7,67,57,3
2023-02-19,06,Hessen,06435,LK Main-Kinzig-Kreis,4,7,3,0,7,67,55,5
2023-02-20,06,Hessen,06435,LK Main-Kinzig-Kreis,4,7,5,0,3,64,59,2
2023-02-21,06,Hessen,06435,LK Main-Kinzig-Kreis,4,7,5,0,11,65,54,5
2023-02-22,06,Hessen,06435,LK Main-Kinzig-Kreis,4,7,2,0,11,65,54,6
2023-02-23,06,Hessen,06435,LK Main-Kinzig-Kreis,4,7,3,0,11,67,53,8
2023-02-24,06,Hessen,06435,LK Main-Kinzig-Kreis,4,7,2,0,7,69,57,4
2023-02-25,06,Hessen,06435,LK Main-Kinzig-Kreis,4,7,3,0,6,70,58,3
2023-02-26,06,Hessen,06435,LK Main-Kinzig-Kreis,4,7,3,0,9,67,58,3
2023-02-27,06,Hessen,06435,LK Main-Kinzig-Kreis,4,7,3,0,9,66,59,2
2023-02-28,06,Hessen,06435,LK Main-Kinzig-Kreis,4,7,3,0,13,59,53,8
2023-03-01,06,Hessen,06435,LK Main-Kinzig-Kreis,4,7,3,0,10,61,55,5
2023-03-02,06,Hessen,06435,LK Main-Kinzig-Kreis,4,7,3,0,18,54,46,12
2023-03-03,06,Hessen,06435,LK Main-Kinzig-Kreis,4,7,2,0,11,61,52,6
2023-03-04,06,Hessen,06435,LK Main-Kinzig-Kreis,4,7,5,0,11,60,50,6
2023-03-05,06,Hessen,06435,LK Main-Kinzig-Kreis,4,7,6,0,6,66,56,1
2023-03-06,06,Hessen,06435,LK Main-Kinzig-Kreis,4,7,6,1,6,65,55,2
2023-03-07,06,Hessen,06435,LK Main-Kinzig-Kreis,4,7,5,1,8,65,55,4
2023-03-08,06,Hessen,06435,LK Main-Kinzig-Kreis,4,7,6,1,11,65,55,6
2023-03-09,06,Hessen,06435,LK Main-Kinzig-Kreis,4,7,7,1,7,69,57,4
2023-03-10,06,Hessen,06435,LK Main-Kinzig-Kreis,4,7,7,1,10,66,53,7
2023-03-11,06,Hessen,06435,LK Main-Kinzig-Kreis,4,7,7,1,14,62,50,10
2023-03-12,06,Hessen,06435,LK Main-Kinzig-Kreis,3,6,5,1,9,62,49,6
2023-03-13,06,Hessen,06435,LK Main-Kinzig-Kreis,3,6,6,1,7,67,52,4
2023-03-14,06,Hessen,06435,LK Main-Kinzig-Kreis,3,6,6,1,8,66,52,4
2023-03-15,06,Hessen,06435,LK Main-Kinzig-Kreis,3,6,6,1,5,69,53,3
2023-03-16,06,Hessen,06435,LK Main-Kinzig-Kreis,3,6,7,1,9,63,47,6
2023-03-17,06,Hessen,06435,LK Main-Kinzig-Kreis,3,6,7,1,8,62,52,4
2023-03-18,06,Hessen,06435,LK Main-Kinzig-Kreis,4,7,6,1,12,64,54,7
2023-03-19,06,Hessen,06435,LK Main-Kinzig-Kreis,4,7,7,1,8,67,58,3
2023-03-20,06,Hessen,06435,LK Main-Kinzig-Kreis,4,7,8,1,11,64,55,6
2023-03-21,06,Hessen,06435,LK Main-Kinzig-Kreis,4,7,9,2,13,64,54,7
2023-03-22,06,Hessen,06435,LK Main-Kinzig-Kreis,4,7,9,2,7,68,58,3
2023-03-23,06,Hessen,06435,LK Main-Kinzig-Kreis,4,7,8,2,10,67,59,2
2023-03-24,06,Hessen,06435,LK Main-Kinzig-Kreis,4,7,8,1,7,68,58,3
2023-03-25,06,Hessen,06435,LK Main-Kinzig-Kreis,4,7,7,0,11,64,54,7
2023-03-26,06,Hessen,06435,LK Main-Kinzig-Kreis,4,7,7,0,10,66,55,6
2023-03-27,06,Hessen,06435,LK Main-Kinzig-Kreis,3,6,7,1,13,56,45,9
2023-03-28,06,Hessen,06435,LK Main-Kinzig-Kreis,4,7,4,1,13,65,53,8
2023-03-29,06,Hessen,06435,LK Main-Kinzig-Kreis,4,7,3,1,11,67,57,4
2023-03-30,06,Hessen,06435,LK Main-Kinzig-Kreis,4,7,4,1,13,67,54,9
2023-03-31,06,Hessen,06435,LK Main-Kinzig-Kreis,4,7,4,1,7,73,58,5
2023-04-01,06,Hessen,06435,LK Main-Kinzig-Kreis,4,7,4,1,7,72,57,6
2023-04-02,06,Hessen,06435,LK Main-Kinzig-Kreis,4,7,4,1,7,72,57,6
2023-04-03,06,Hessen,06435,LK Main-Kinzig-Kreis,4,7,3,1,6,71,56,5
2023-04-04,06,Hessen,06435,LK Main-Kinzig-Kreis,4,7,3,1,6,71,56,5
2023-04-05,06,Hessen,06435,LK Main-Kinzig-Kreis,4,7,1,1,6,72,56,6
2023-04-06,06,Hessen,06435,LK Main-Kinzig-Kreis,4,7,3,1,5,73,57,5
2023-04-07,06,Hessen,06435,LK Main-Kinzig-Kreis,4,7,5,2,2,74,59,2
2023-04-08,06,Hessen,06435,LK Main-Kinzig-Kreis,4,7,4,2,6,70,56,4
2023-04-09,06,Hessen,06435,LK Main-Kinzig-Kreis,4,7,5,2,6,70,55,5
2023-04-10,06,Hessen,06435,LK Main-Kinzig-Kreis,4,7,5,2,6,70,55,5
2023-04-11,06,Hessen,06435,LK Main-Kinzig-Kreis,4,7,4,2,6,71,55,5
2023-04-12,06,Hessen,06435,LK Main-Kinzig-Kreis,4,7,4,2,5,68,53,4
2023-04-13,06,Hessen,06435,LK Main-Kinzig-Kreis,4,7,4,2,2,73,59,0
2023-04-14,06,Hessen,06435,LK Main-Kinzig-Kreis,4,7,4,2,5,69,58,1
2023-04-15,06,Hessen,06435,LK Main-Kinzig-Kreis,4,7,4,2,5,69,59,0
2023-04-16,06,Hessen,06435,LK Main-Kinzig-Kreis,3,6,0,NA,12,54,45,6
2023-04-17,06,Hessen,06435,LK Main-Kinzig-Kreis,3,6,0,NA,8,56,45,5
2023-04-18,06,Hessen,06435,LK Main-Kinzig-Kreis,3,6,0,NA,6,60,49,1
2023-04-19,06,Hessen,06435,LK Main-Kinzig-Kreis,4,7,2,NA,6,67,54,3
2023-04-20,06,Hessen,06435,LK Main-Kinzig-Kreis,4,7,2,NA,4,72,58,0
2023-04-21,06,Hessen,06435,LK Main-Kinzig-Kreis,4,7,2,NA,4,71,57,0
2023-04-22,06,Hessen,06435,LK Main-Kinzig-Kreis,4,7,2,NA,6,68,55,3
2023-04-23,06,Hessen,06435,LK Main-Kinzig-Kreis,4,7,2,NA,6,68,57,1
2023-04-24,06,Hessen,06435,LK Main-Kinzig-Kreis,4,7,4,1,11,62,52,5
2023-04-25,06,Hessen,06435,LK Main-Kinzig-Kreis,4,7,4,1,15,58,48,9
2023-04-26,06,Hessen,06435,LK Main-Kinzig-Kreis,4,7,4,1,14,60,50,8
2023-04-27,06,Hessen,06435,LK Main-Kinzig-Kreis,4,7,4,1,10,65,55,4
2023-04-28,06,Hessen,06435,LK Main-Kinzig-Kreis,4,7,3,1,10,65,52,7
2023-04-29,06,Hessen,06435,LK Main-Kinzig-Kreis,4,7,3,1,6,68,55,3
2023-04-30,06,Hessen,06435,LK Main-Kinzig-Kreis,4,7,2,1,4,70,57,1
2023-05-01,06,Hessen,06435,LK Main-Kinzig-Kreis,4,7,2,1,8,66,52,6
2023-05-02,06,Hessen,06435,LK Main-Kinzig-Kreis,4,7,1,0,11,62,51,8
2023-05-03,06,Hessen,06435,LK Main-Kinzig-Kreis,4,7,0,NA,9,65,54,6
2023-05-04,06,Hessen,06435,LK Main-Kinzig-Kreis,4,7,1,1,7,67,56,4
2023-05-05,06,Hessen,06435,LK Main-Kinzig-Kreis,4,7,1,1,6,68,57,3
2023-05-06,06,Hessen,06435,LK Main-Kinzig-Kreis,4,7,1,1,8,68,59,1
2023-05-07,06,Hessen,06435,LK Main-Kinzig-Kreis,4,7,2,1,6,70,60,0
2023-05-08,06,Hessen,06435,LK Main-Kinzig-Kreis,4,7,3,1,6,71,60,1
2023-05-09,06,Hessen,06435,LK Main-Kinzig-Kreis,4,7,2,1,6,70,58,2
2023-05-10,06,Hessen,06435,LK Main-Kinzig-Kreis,4,7,1,1,7,69,56,4
2023-05-11,06,Hessen,06435,LK Main-Kinzig-Kreis,4,7,2,1,3,71,60,0
2023-05-12,06,Hessen,06435,LK Main-Kinzig-Kreis,4,7,2,1,5,70,58,1
2023-05-13,06,Hessen,06435,LK Main-Kinzig-Kreis,4,7,1,1,12,63,53,6
2023-05-14,06,Hessen,06435,LK Main-Kinzig-Kreis,4,7,0,NA,6,62,52,0
2023-05-15,06,Hessen,06435,LK Main-Kinzig-Kreis,4,7,0,NA,10,66,55,5
2023-05-16,06,Hessen,06435,LK Main-Kinzig-Kreis,4,7,0,NA,12,65,54,7
2023-05-17,06,Hessen,06435,LK Main-Kinzig-Kreis,4,7,0,NA,8,68,56,4
2023-05-18,06,Hessen,06435,LK Main-Kinzig-Kreis,4,7,0,NA,13,64,52,9
2023-05-19,06,Hessen,06435,LK Main-Kinzig-Kreis,4,7,0,NA,16,61,49,12
2023-05-20,06,Hessen,06435,LK Main-Kinzig-Kreis,4,7,1,0,15,62,51,10
2023-05-21,06,Hessen,06435,LK Main-Kinzig-Kreis,4,7,1,0,12,59,51,4
2023-05-22,06,Hessen,06435,LK Main-Kinzig-Kreis,4,7,1,0,12,63,54,5
2023-05-23,06,Hessen,06435,LK Main-Kinzig-Kreis,4,7,1,NA,15,60,51,8
2023-05-24,06,Hessen,06435,LK Main-Kinzig-Kreis,4,7,1,NA,11,64,55,4
2023-05-25,06,Hessen,06435,LK Main-Kinzig-Kreis,4,7,1,NA,8,67,56,3
2023-05-26,06,Hessen,06435,LK Main-Kinzig-Kreis,4,7,2,NA,8,67,56,3
2023-05-27,06,Hessen,06435,LK Main-Kinzig-Kreis,4,7,1,NA,6,69,58,1
2023-05-28,06,Hessen,06435,LK Main-Kinzig-Kreis,3,6,1,NA,5,64,52,1
2023-05-29,06,Hessen,06435,LK Main-Kinzig-Kreis,3,6,1,NA,10,59,47,6
2023-05-30,06,Hessen,06435,LK Main-Kinzig-Kreis,3,6,1,1,8,61,48,5
2023-05-31,06,Hessen,06435,LK Main-Kinzig-Kreis,3,6,1,1,11,58,47,6
2023-06-01,06,Hessen,06435,LK Main-Kinzig-Kreis,3,6,1,1,11,59,47,6
2023-06-02,06,Hessen,06435,LK Main-Kinzig-Kreis,3,6,1,1,9,60,49,4
2023-06-03,06,Hessen,06435,LK Main-Kinzig-Kreis,4,7,3,1,10,63,53,4
2023-06-04,06,Hessen,06435,LK Main-Kinzig-Kreis,4,7,3,1,11,64,54,5
2023-06-05,06,Hessen,06435,LK Main-Kinzig-Kreis,4,7,2,1,6,69,58,1
2023-06-06,06,Hessen,06435,LK Main-Kinzig-Kreis,4,7,2,1,4,71,57,2
2023-06-07,06,Hessen,06435,LK Main-Kinzig-Kreis,4,7,2,1,5,70,57,2
2023-06-08,06,Hessen,06435,LK Main-Kinzig-Kreis,4,7,2,1,8,68,56,3
2023-06-09,06,Hessen,06435,LK Main-Kinzig-Kreis,4,7,2,1,10,64,52,5
2023-06-10,06,Hessen,06435,LK Main-Kinzig-Kreis,4,7,2,1,10,64,53,4
2023-06-11,06,Hessen,06435,LK Main-Kinzig-Kreis,4,7,1,1,7,67,55,2
2023-06-12,06,Hessen,06435,LK Main-Kinzig-Kreis,4,7,2,1,9,65,52,5
2023-06-13,06,Hessen,06435,LK Main-Kinzig-Kreis,4,7,2,1,7,67,54,3
2023-06-14,06,Hessen,06435,LK Main-Kinzig-Kreis,4,7,1,1,4,70,56,1
2023-06-15,06,Hessen,06435,LK Main-Kinzig-Kreis,4,7,1,1,2,71,56,1
2023-06-16,06,Hessen,06435,LK Main-Kinzig-Kreis,4,7,1,1,9,64,54,3
2023-06-17,06,Hessen,06435,LK Main-Kinzig-Kreis,4,7,1,1,10,63,53,4
2023-06-18,06,Hessen,06435,LK Main-Kinzig-Kreis,4,7,0,NA,10,63,53,4
2023-06-19,06,Hessen,06435,LK Main-Kinzig-Kreis,4,7,0,NA,10,59,49,4
2023-06-20,06,Hessen,06435,LK Main-Kinzig-Kreis,4,7,0,NA,10,60,50,3
2023-06-21,06,Hessen,06435,LK Main-Kinzig-Kreis,4,7,0,NA,9,62,51,2
2023-06-22,06,Hessen,06435,LK Main-Kinzig-Kreis,4,7,0,NA,7,64,49,4
2023-06-23,06,Hessen,06435,LK Main-Kinzig-Kreis,4,7,0,NA,7,64,49,4
2023-06-24,06,Hessen,06435,LK Main-Kinzig-Kreis,4,7,0,NA,7,64,51,2
2023-06-25,06,Hessen,06435,LK Main-Kinzig-Kreis,4,7,0,NA,9,63,49,4
2023-06-26,06,Hessen,06435,LK Main-Kinzig-Kreis,4,7,0,NA,7,65,53,2
2023-06-27,06,Hessen,06435,LK Main-Kinzig-Kreis,4,7,0,NA,6,60,47,2
2023-06-28,06,Hessen,06435,LK Main-Kinzig-Kreis,4,7,0,NA,6,60,47,2
2023-06-29,06,Hessen,06435,LK Main-Kinzig-Kreis,4,7,0,NA,6,61,48,2
2023-06-30,06,Hessen,06435,LK Main-Kinzig-Kreis,4,7,0,NA,4,62,49,1
2023-07-01,06,Hessen,06435,LK Main-Kinzig-Kreis,4,7,0,NA,5,60,47,2
2023-07-02,06,Hessen,06435,LK Main-Kinzig-Kreis,3,6,0,NA,5,54,41,2
2023-07-03,06,Hessen,06435,LK Main-Kinzig-Kreis,3,6,0,NA,5,54,40,3
2023-07-04,06,Hessen,06435,LK Main-Kinzig-Kreis,3,6,0,NA,6,53,41,2
2023-07-05,06,Hessen,06435,LK Main-Kinzig-Kreis,3,6,0,NA,5,54,42,1
2023-07-06,06,Hessen,06435,LK Main-Kinzig-Kreis,3,6,0,NA,4,57,44,1
2023-07-07,06,Hessen,06435,LK Main-Kinzig-Kreis,3,6,1,0,6,55,43,2
2023-07-08,06,Hessen,06435,LK Main-Kinzig-Kreis,3,6,1,0,5,56,43,2
2023-07-09,06,Hessen,06435,LK Main-Kinzig-Kreis,4,7,1,0,5,62,50,1
2023-07-10,06,Hessen,06435,LK Main-Kinzig-Kreis,4,7,1,0,4,63,51,0
2023-07-11,06,Hessen,06435,LK Main-Kinzig-Kreis,4,7,1,0,9,58,49,2
2023-07-12,06,Hessen,06435,LK Main-Kinzig-Kreis,4,7,1,0,7,60,50,1
2023-07-13,06,Hessen,06435,LK Main-Kinzig-Kreis,4,7,1,0,8,59,49,2
2023-07-14,06,Hessen,06435,LK Main-Kinzig-Kreis,4,7,1,0,7,60,50,1
2023-07-15,06,Hessen,06435,LK Main-Kinzig-Kreis,4,7,1,0,5,62,51,0
2023-07-16,06,Hessen,06435,LK Main-Kinzig-Kreis,4,7,1,0,5,62,51,0
2023-07-17,06,Hessen,06435,LK Main-Kinzig-Kreis,3,6,1,0,4,57,45,0
2023-07-18,06,Hessen,06435,LK Main-Kinzig-Kreis,3,6,1,0,4,57,45,0
2023-07-19,06,Hessen,06435,LK Main-Kinzig-Kreis,3,6,1,0,6,58,48,0
2023-07-20,06,Hessen,06435,LK Main-Kinzig-Kreis,3,6,1,0,7,57,47,1
2023-07-21,06,Hessen,06435,LK Main-Kinzig-Kreis,3,6,1,0,5,57,46,0
2023-07-22,06,Hessen,06435,LK Main-Kinzig-Kreis,3,6,1,0,5,57,46,0
2023-07-23,06,Hessen,06435,LK Main-Kinzig-Kreis,3,6,1,0,6,56,44,2
2023-07-24,06,Hessen,06435,LK Main-Kinzig-Kreis,4,7,1,0,7,61,49,3
2023-07-25,06,Hessen,06435,LK Main-Kinzig-Kreis,4,7,1,0,12,55,44,8
2023-07-26,06,Hessen,06435,LK Main-Kinzig-Kreis,4,7,2,0,10,58,48,5
2023-07-27,06,Hessen,06435,LK Main-Kinzig-Kreis,4,7,2,0,11,56,46,6
2023-07-28,06,Hessen,06435,LK Main-Kinzig-Kreis,4,7,2,0,11,56,46,6
2023-07-29,06,Hessen,06435,LK Main-Kinzig-Kreis,4,7,2,0,12,53,43,7
2023-07-30,06,Hessen,06435,LK Main-Kinzig-Kreis,4,7,1,NA,8,55,44,4
2023-07-31,06,Hessen,06435,LK Main-Kinzig-Kreis,4,7,1,NA,12,53,44,6
2023-08-01,06,Hessen,06435,LK Main-Kinzig-Kreis,4,7,1,NA,12,54,44,7
2023-08-02,06,Hessen,06435,LK Main-Kinzig-Kreis,4,7,1,NA,8,57,47,3
2023-08-03,06,Hessen,06435,LK Main-Kinzig-Kreis,4,7,1,NA,15,51,39,12
2023-08-04,06,Hessen,06435,LK Main-Kinzig-Kreis,4,7,1,NA,11,55,43,8
2023-08-05,06,Hessen,06435,LK Main-Kinzig-Kreis,4,7,1,NA,12,54,43,8
2023-08-06,06,Hessen,06435,LK Main-Kinzig-Kreis,4,7,1,NA,12,54,42,9
2023-08-07,06,Hessen,06435,LK Main-Kinzig-Kreis,4,7,1,NA,10,56,44,6
2023-08-08,06,Hessen,06435,LK Main-Kinzig-Kreis,4,7,1,NA,11,53,41,8
2023-08-09,06,Hessen,06435,LK Main-Kinzig-Kreis,4,7,1,NA,8,59,47,5
2023-08-10,06,Hessen,06435,LK Main-Kinzig-Kreis,4,7,1,NA,7,62,50,4
2023-08-11,06,Hessen,06435,LK Main-Kinzig-Kreis,4,7,1,NA,11,57,45,8
2023-08-12,06,Hessen,06435,LK Main-Kinzig-Kreis,4,7,1,NA,12,54,42,9
2023-08-13,06,Hessen,06435,LK Main-Kinzig-Kreis,4,7,1,NA,9,57,45,6
2023-08-14,06,Hessen,06435,LK Main-Kinzig-Kreis,4,7,2,NA,4,60,49,1
2023-08-15,06,Hessen,06435,LK Main-Kinzig-Kreis,4,7,2,NA,8,53,41,6
2023-08-16,06,Hessen,06435,LK Main-Kinzig-Kreis,4,7,4,0,6,55,43,4
2023-08-17,06,Hessen,06435,LK Main-Kinzig-Kreis,4,7,3,0,1,60,47,0
2023-08-18,06,Hessen,06435,LK Main-Kinzig-Kreis,4,7,3,0,6,55,43,4
2023-08-19,06,Hessen,06435,LK Main-Kinzig-Kreis,4,7,3,0,6,56,44,4
2023-08-20,06,Hessen,06435,LK Main-Kinzig-Kreis,3,6,4,0,5,50,39,2
2023-08-21,06,Hessen,06435,LK Main-Kinzig-Kreis,3,6,4,1,6,49,39,2
2023-08-22,06,Hessen,06435,LK Main-Kinzig-Kreis,3,6,2,1,5,50,40,1
2023-08-23,06,Hessen,06435,LK Main-Kinzig-Kreis,3,6,3,1,6,49,38,3
2023-08-24,06,Hessen,06435,LK Main-Kinzig-Kreis,3,6,3,0,6,49,38,3
2023-08-25,06,Hessen,06435,LK Main-Kinzig-Kreis,3,6,3,0,4,50,38,1
2023-08-26,06,Hessen,06435,LK Main-Kinzig-Kreis,3,6,2,0,8,48,36,4
2023-08-27,06,Hessen,06435,LK Main-Kinzig-Kreis,3,6,2,0,11,45,33,7
2023-08-28,06,Hessen,06435,LK Main-Kinzig-Kreis,3,6,1,0,12,44,32,8
2023-08-29,06,Hessen,06435,LK Main-Kinzig-Kreis,3,6,1,0,8,51,39,4
2023-08-30,06,Hessen,06435,LK Main-Kinzig-Kreis,4,7,1,0,7,59,46,4
2023-08-31,06,Hessen,06435,LK Main-Kinzig-Kreis,4,7,2,0,11,55,44,6
2023-09-01,06,Hessen,06435,LK Main-Kinzig-Kreis,4,7,2,0,12,54,43,7
2023-09-02,06,Hessen,06435,LK Main-Kinzig-Kreis,4,7,1,0,10,56,43,7
2023-09-03,06,Hessen,06435,LK Main-Kinzig-Kreis,4,7,1,0,10,56,43,7
2023-09-04,06,Hessen,06435,LK Main-Kinzig-Kreis,4,7,1,0,7,59,46,4
2023-09-05,06,Hessen,06435,LK Main-Kinzig-Kreis,4,7,0,NA,7,59,46,4
2023-09-06,06,Hessen,06435,LK Main-Kinzig-Kreis,4,7,0,NA,7,59,47,3
2023-09-07,06,Hessen,06435,LK Main-Kinzig-Kreis,4,7,0,NA,9,57,45,5
2023-09-08,06,Hessen,06435,LK Main-Kinzig-Kreis,4,7,0,NA,8,58,45,5
2023-09-09,06,Hessen,06435,LK Main-Kinzig-Kreis,4,7,1,NA,10,56,45,5
2023-09-10,06,Hessen,06435,LK Main-Kinzig-Kreis,4,7,2,NA,12,54,43,7
2023-09-11,06,Hessen,06435,LK Main-Kinzig-Kreis,4,7,2,NA,13,53,42,8
2023-09-12,06,Hessen,06435,LK Main-Kinzig-Kreis,4,7,3,NA,5,60,47,3
2023-09-13,06,Hessen,06435,LK Main-Kinzig-Kreis,4,7,3,NA,4,61,47,3
2023-09-14,06,Hessen,06435,LK Main-Kinzig-Kreis,4,7,2,NA,6,57,44,4
2023-09-15,06,Hessen,06435,LK Main-Kinzig-Kreis,4,7,2,NA,5,60,45,3
2023-09-16,06,Hessen,06435,LK Main-Kinzig-Kreis,3,6,0,NA,10,48,35,6
2023-09-17,06,Hessen,06435,LK Main-Kinzig-Kreis,3,6,0,NA,11,47,34,7
2023-09-18,06,Hessen,06435,LK Main-Kinzig-Kreis,3,6,0,NA,6,52,39,2
2023-09-19,06,Hessen,06435,LK Main-Kinzig-Kreis,3,6,0,NA,8,52,39,4
2023-09-20,06,Hessen,06435,LK Main-Kinzig-Kreis,3,6,0,NA,9,51,41,2
2023-09-21,06,Hessen,06435,LK Main-Kinzig-Kreis,3,6,0,NA,8,52,41,2
2023-09-22,06,Hessen,06435,LK Main-Kinzig-Kreis,3,6,0,NA,5,54,41,2
2023-09-23,06,Hessen,06435,LK Main-Kinzig-Kreis,3,6,0,NA,7,50,38,3
2023-09-24,06,Hessen,06435,LK Main-Kinzig-Kreis,4,7,0,NA,7,56,44,3
2023-09-25,06,Hessen,06435,LK Main-Kinzig-Kreis,4,7,0,NA,7,56,45,2
2023-09-26,06,Hessen,06435,LK Main-Kinzig-Kreis,4,7,1,NA,6,59,48,1
2023-09-27,06,Hessen,06435,LK Main-Kinzig-Kreis,4,7,0,NA,8,56,45,4
2023-09-28,06,Hessen,06435,LK Main-Kinzig-Kreis,4,7,0,NA,8,56,45,4
2023-09-29,06,Hessen,06435,LK Main-Kinzig-Kreis,4,7,1,NA,8,56,44,5
2023-09-30,06,Hessen,06435,LK Main-Kinzig-Kreis,4,7,1,NA,6,58,46,3
2023-10-01,06,Hessen,06435,LK Main-Kinzig-Kreis,4,7,2,NA,4,60,48,2
2023-10-02,06,Hessen,06435,LK Main-Kinzig-Kreis,4,7,3,1,3,59,47,1
2023-10-03,06,Hessen,06435,LK Main-Kinzig-Kreis,4,7,3,1,5,57,45,3
2023-10-04,06,Hessen,06435,LK Main-Kinzig-Kreis,4,7,2,1,10,55,44,6
2023-10-05,06,Hessen,06435,LK Main-Kinzig-Kreis,4,7,2,0,10,56,45,5
2023-10-06,06,Hessen,06435,LK Main-Kinzig-Kreis,4,7,2,0,10,56,45,5
2023-10-07,06,Hessen,06435,LK Main-Kinzig-Kreis,4,7,1,NA,9,59,48,4
2023-10-08,06,Hessen,06435,LK Main-Kinzig-Kreis,4,7,0,NA,12,58,45,7
2023-10-09,06,Hessen,06435,LK Main-Kinzig-Kreis,4,7,1,NA,13,55,42,8
2023-10-10,06,Hessen,06435,LK Main-Kinzig-Kreis,4,7,4,2,8,58,45,5
2023-10-11,06,Hessen,06435,LK Main-Kinzig-Kreis,4,7,4,1,10,55,43,7
2023-10-12,06,Hessen,06435,LK Main-Kinzig-Kreis,4,7,4,2,16,49,37,13
2023-10-13,06,Hessen,06435,LK Main-Kinzig-Kreis,4,7,4,2,11,54,42,8
2023-10-14,06,Hessen,06435,LK Main-Kinzig-Kreis,4,7,4,1,15,50,38,12
2023-10-15,06,Hessen,06435,LK Main-Kinzig-Kreis,3,6,4,1,10,44,32,7
2023-10-16,06,Hessen,06435,LK Main-Kinzig-Kreis,3,6,5,1,9,47,35,6
2023-10-17,06,Hessen,06435,LK Main-Kinzig-Kreis,3,6,4,2,9,48,37,4
2023-10-18,06,Hessen,06435,LK Main-Kinzig-Kreis,3,6,3,1,15,43,31,10
2023-10-19,06,Hessen,06435,LK Main-Kinzig-Kreis,3,6,3,1,13,45,33,8
2023-10-20,06,Hessen,06435,LK Main-Kinzig-Kreis,3,6,4,2,8,49,38,2
2023-10-21,06,Hessen,06435,LK Main-Kinzig-Kreis,3,6,5,3,8,50,40,2
2023-10-22,06,Hessen,06435,LK Main-Kinzig-Kreis,3,6,5,3,10,48,38,4
2023-10-23,06,Hessen,06435,LK Main-Kinzig-Kreis,3,6,6,4,11,48,38,5
2023-10-24,06,Hessen,06435,LK Main-Kinzig-Kreis,3,6,4,3,10,48,41,1
2023-10-25,06,Hessen,06435,LK Main-Kinzig-Kreis,3,6,2,2,14,44,37,5
2023-10-26,06,Hessen,06435,LK Main-Kinzig-Kreis,3,6,3,1,13,46,39,4
2023-10-27,06,Hessen,06435,LK Main-Kinzig-Kreis,3,6,3,1,8,50,40,2
2023-10-28,06,Hessen,06435,LK Main-Kinzig-Kreis,3,6,3,1,8,50,40,2
2023-10-29,06,Hessen,06435,LK Main-Kinzig-Kreis,3,6,3,2,14,45,36,7
2023-10-30,06,Hessen,06435,LK Main-Kinzig-Kreis,3,6,2,NA,14,43,35,6
2023-10-31,06,Hessen,06435,LK Main-Kinzig-Kreis,3,6,2,NA,17,40,32,9
2023-11-01,06,Hessen,06435,LK Main-Kinzig-Kreis,3,6,2,NA,14,44,37,5
2023-11-02,06,Hessen,06435,LK Main-Kinzig-Kreis,3,6,4,0,12,46,38,4
2023-11-03,06,Hessen,06435,LK Main-Kinzig-Kreis,3,6,3,NA,11,48,39,3
2023-11-04,06,Hessen,06435,LK Main-Kinzig-Kreis,3,6,0,NA,11,46,35,7
2023-11-05,06,Hessen,06435,LK Main-Kinzig-Kreis,3,6,0,NA,7,50,38,4
2023-11-06,06,Hessen,06435,LK Main-Kinzig-Kreis,3,6,0,NA,6,52,39,2
2023-11-07,06,Hessen,06435,LK Main-Kinzig-Kreis,3,6,0,NA,9,48,37,5
2023-11-08,06,Hessen,06435,LK Main-Kinzig-Kreis,3,6,0,NA,6,50,39,2
2023-11-09,06,Hessen,06435,LK Main-Kinzig-Kreis,3,6,1,0,8,48,37,4
2023-11-10,06,Hessen,06435,LK Main-Kinzig-Kreis,3,6,1,0,7,50,39,2
2023-11-11,06,Hessen,06435,LK Main-Kinzig-Kreis,4,7,4,0,7,55,44,2
2023-11-12,06,Hessen,06435,LK Main-Kinzig-Kreis,4,7,4,0,9,53,42,4
2023-11-13,06,Hessen,06435,LK Main-Kinzig-Kreis,4,7,4,0,9,53,42,4
2023-11-14,06,Hessen,06435,LK Main-Kinzig-Kreis,4,7,4,0,12,50,39,7
2023-11-15,06,Hessen,06435,LK Main-Kinzig-Kreis,4,7,4,0,11,54,44,5
2023-11-16,06,Hessen,06435,LK Main-Kinzig-Kreis,4,7,5,0,5,58,47,0
2023-11-17,06,Hessen,06435,LK Main-Kinzig-Kreis,4,7,4,0,9,55,45,3
2023-11-18,06,Hessen,06435,LK Main-Kinzig-Kreis,4,7,5,0,8,55,45,2
2023-11-19,06,Hessen,06435,LK Main-Kinzig-Kreis,3,6,6,0,8,48,39,1
2023-11-20,06,Hessen,06435,LK Main-Kinzig-Kreis,3,6,6,0,8,47,36,4
2023-11-21,06,Hessen,06435,LK Main-Kinzig-Kreis,3,6,7,0,6,49,38,2
2023-11-22,06,Hessen,06435,LK Main-Kinzig-Kreis,3,6,4,1,8,49,37,3
2023-11-23,06,Hessen,06435,LK Main-Kinzig-Kreis,3,6,4,1,5,52,40,0
2023-11-24,06,Hessen,06435,LK Main-Kinzig-Kreis,3,6,2,0,6,51,39,1
2023-11-25,06,Hessen,06435,LK Main-Kinzig-Kreis,3,6,2,1,7,48,38,2
2023-11-26,06,Hessen,06435,LK Main-Kinzig-Kreis,3,6,2,1,7,50,39,1
2023-11-27,06,Hessen,06435,LK Main-Kinzig-Kreis,3,6,3,1,6,51,40,0
2023-11-28,06,Hessen,06435,LK Main-Kinzig-Kreis,3,6,2,1,8,49,38,2
2023-11-29,06,Hessen,06435,LK Main-Kinzig-Kreis,3,6,2,1,7,50,39,1
2023-11-30,06,Hessen,06435,LK Main-Kinzig-Kreis,3,6,2,1,9,50,39,3
2023-12-01,06,Hessen,06435,LK Main-Kinzig-Kreis,3,6,2,NA,7,50,39,1
2023-12-02,06,Hessen,06435,LK Main-Kinzig-Kreis,3,6,4,1,7,48,37,1
2023-12-03,06,Hessen,06435,LK Main-Kinzig-Kreis,3,6,4,0,7,48,37,1
2023-12-04,06,Hessen,06435,LK Main-Kinzig-Kreis,4,7,3,NA,11,51,42,4
2023-12-05,06,Hessen,06435,LK Main-Kinzig-Kreis,4,7,3,NA,9,52,43,2
2023-12-06,06,Hessen,06435,LK Main-Kinzig-Kreis,4,6,6,NA,3,52,44,1
2023-12-07,06,Hessen,06435,LK Main-Kinzig-Kreis,4,6,6,2,4,52,44,2
2023-12-08,06,Hessen,06435,LK Main-Kinzig-Kreis,4,6,8,1,6,50,43,3
2023-12-09,06,Hessen,06435,LK Main-Kinzig-Kreis,4,6,7,1,6,50,43,3
2023-12-10,06,Hessen,06435,LK Main-Kinzig-Kreis,4,6,9,1,5,53,46,2
2023-12-11,06,Hessen,06435,LK Main-Kinzig-Kreis,3,5,10,0,2,49,39,2
2023-12-12,06,Hessen,06435,LK Main-Kinzig-Kreis,3,5,9,1,4,44,36,2
2023-12-13,06,Hessen,06435,LK Main-Kinzig-Kreis,3,5,7,1,5,43,35,3
2023-12-14,06,Hessen,06435,LK Main-Kinzig-Kreis,3,6,9,1,8,48,35,4
2023-12-15,06,Hessen,06435,LK Main-Kinzig-Kreis,3,6,10,1,8,50,37,4
2023-12-16,06,Hessen,06435,LK Main-Kinzig-Kreis,3,6,7,1,7,47,36,1
2023-12-17,06,Hessen,06435,LK Main-Kinzig-Kreis,4,7,6,2,10,50,39,4
2023-12-18,06,Hessen,06435,LK Main-Kinzig-Kreis,4,7,7,2,6,57,44,1
2023-12-19,06,Hessen,06435,LK Main-Kinzig-Kreis,4,7,7,3,5,55,43,1
2023-12-20,06,Hessen,06435,LK Main-Kinzig-Kreis,4,7,7,3,7,55,43,2
2023-12-21,06,Hessen,06435,LK Main-Kinzig-Kreis,4,7,4,2,6,55,42,2
2023-12-22,06,Hessen,06435,LK Main-Kinzig-Kreis,4,7,3,2,11,51,38,7
2023-12-23,06,Hessen,06435,LK Main-Kinzig-Kreis,4,7,4,2,9,53,42,4
2023-12-24,06,Hessen,06435,LK Main-Kinzig-Kreis,4,7,4,2,11,52,41,5
2023-12-25,06,Hessen,06435,LK Main-Kinzig-Kreis,4,7,5,1,6,55,42,3
2023-12-26,06,Hessen,06435,LK Main-Kinzig-Kreis,4,7,6,0,5,56,43,2
2023-12-27,06,Hessen,06435,LK Main-Kinzig-Kreis,4,7,5,1,10,51,42,3
2023-12-28,06,Hessen,06435,LK Main-Kinzig-Kreis,4,7,6,0,9,52,43,2
2023-12-29,06,Hessen,06435,LK Main-Kinzig-Kreis,4,7,5,0,9,52,43,2
2023-12-30,06,Hessen,06435,LK Main-Kinzig-Kreis,3,6,3,0,8,46,36,2
2023-12-31,06,Hessen,06435,LK Main-Kinzig-Kreis,4,7,3,0,9,47,37,3
2024-01-01,06,Hessen,06435,LK Main-Kinzig-Kreis,4,7,3,0,9,47,37,3
2024-01-02,06,Hessen,06435,LK Main-Kinzig-Kreis,4,7,4,0,8,50,40,2
2024-01-03,06,Hessen,06435,LK Main-Kinzig-Kreis,4,7,4,0,12,49,39,6
2024-01-04,06,Hessen,06435,LK Main-Kinzig-Kreis,4,7,4,0,15,47,37,9
2024-01-05,06,Hessen,06435,LK Main-Kinzig-Kreis,4,7,3,0,12,49,40,5
2024-01-06,06,Hessen,06435,LK Main-Kinzig-Kreis,4,7,3,1,12,49,40,5
2024-01-07,06,Hessen,06435,LK Main-Kinzig-Kreis,3,6,3,1,13,42,33,6
2024-01-08,06,Hessen,06435,LK Main-Kinzig-Kreis,3,6,3,0,10,46,36,4
2024-01-09,06,Hessen,06435,LK Main-Kinzig-Kreis,3,6,3,1,10,45,32,7
2024-01-10,06,Hessen,06435,LK Main-Kinzig-Kreis,3,6,3,1,6,49,34,5
2024-01-11,06,Hessen,06435,LK Main-Kinzig-Kreis,3,6,3,1,8,47,35,4
2024-01-12,06,Hessen,06435,LK Main-Kinzig-Kreis,3,6,2,1,8,47,35,4
2024-01-13,06,Hessen,06435,LK Main-Kinzig-Kreis,3,6,4,1,9,46,34,5
2024-01-14,06,Hessen,06435,LK Main-Kinzig-Kreis,3,6,3,1,5,49,35,3
2024-01-15,06,Hessen,06435,LK Main-Kinzig-Kreis,3,6,2,1,8,47,34,5
2024-01-16,06,Hessen,06435,LK Main-Kinzig-Kreis,3,6,3,1,10,46,37,3
2024-01-17,06,Hessen,06435,LK Main-Kinzig-Kreis,3,6,3,1,12,46,37,4
2024-01-18,06,Hessen,06435,LK Main-Kinzig-Kreis,3,6,1,1,11,48,38,3
2024-01-19,06,Hessen,06435,LK Main-Kinzig-Kreis,3,6,2,1,6,53,39,2
2024-01-20,06,Hessen,06435,LK Main-Kinzig-Kreis,3,6,3,1,8,49,35,4
2024-01-21,06,Hessen,06435,LK Main-Kinzig-Kreis,3,6,3,1,7,50,36,3
2024-01-22,06,Hessen,06435,LK Main-Kinzig-Kreis,3,6,1,NA,8,50,36,4
2024-01-23,06,Hessen,06435,LK Main-Kinzig-Kreis,3,6,0,NA,15,43,31,9
2024-01-24,06,Hessen,06435,LK Main-Kinzig-Kreis,3,6,1,0,13,46,34,7
2024-01-25,06,Hessen,06435,LK Main-Kinzig-Kreis,3,6,1,0,12,46,35,5
2024-01-26,06,Hessen,06435,LK Main-Kinzig-Kreis,3,6,2,0,12,46,35,5
2024-01-27,06,Hessen,06435,LK Main-Kinzig-Kreis,3,6,2,0,10,48,38,2
2024-01-28,06,Hessen,06435,LK Main-Kinzig-Kreis,3,6,1,0,12,46,36,4
2024-01-29,06,Hessen,06435,LK Main-Kinzig-Kreis,3,6,1,0,10,48,38,2
2024-01-30,06,Hessen,06435,LK Main-Kinzig-Kreis,3,6,1,0,11,46,37,2
2024-01-31,06,Hessen,06435,LK Main-Kinzig-Kreis,3,6,2,NA,12,45,35,4
2024-02-01,06,Hessen,06435,LK Main-Kinzig-Kreis,3,6,1,1,12,48,38,4
2024-02-02,06,Hessen,06435,LK Main-Kinzig-Kreis,3,6,1,1,6,52,40,0
2024-02-03,06,Hessen,06435,LK Main-Kinzig-Kreis,3,6,1,1,9,49,38,2
2024-02-04,06,Hessen,06435,LK Main-Kinzig-Kreis,4,7,2,1,11,53,42,4
2024-02-05,06,Hessen,06435,LK Main-Kinzig-Kreis,4,7,2,1,12,53,42,5
2024-02-06,06,Hessen,06435,LK Main-Kinzig-Kreis,4,7,2,1,12,53,42,5
2024-02-07,06,Hessen,06435,LK Main-Kinzig-Kreis,4,7,2,0,11,53,42,4
2024-02-08,06,Hessen,06435,LK Main-Kinzig-Kreis,4,7,2,1,8,52,44,2
2024-02-09,06,Hessen,06435,LK Main-Kinzig-Kreis,4,7,2,1,14,47,39,8
2024-02-10,06,Hessen,06435,LK Main-Kinzig-Kreis,4,7,3,1,14,47,38,8
2024-02-11,06,Hessen,06435,LK Main-Kinzig-Kreis,3,6,3,2,11,44,35,5
2024-02-12,06,Hessen,06435,LK Main-Kinzig-Kreis,3,6,2,2,8,46,34,5
2024-02-13,06,Hessen,06435,LK Main-Kinzig-Kreis,3,6,3,1,6,49,38,1
2024-02-14,06,Hessen,06435,LK Main-Kinzig-Kreis,3,6,3,1,4,50,37,1
2024-02-15,06,Hessen,06435,LK Main-Kinzig-Kreis,3,6,3,1,3,52,37,1
2024-02-16,06,Hessen,06435,LK Main-Kinzig-Kreis,3,6,2,0,12,44,31,8
2024-02-17,06,Hessen,06435,LK Main-Kinzig-Kreis,3,6,1,0,13,43,31,8
2024-02-18,06,Hessen,06435,LK Main-Kinzig-Kreis,4,7,2,0,7,57,45,2
2024-02-19,06,Hessen,06435,LK Main-Kinzig-Kreis,4,7,2,0,10,53,41,5
2024-02-20,06,Hessen,06435,LK Main-Kinzig-Kreis,4,7,1,0,8,56,44,3
2024-02-21,06,Hessen,06435,LK Main-Kinzig-Kreis,4,7,1,0,9,54,44,3
2024-02-22,06,Hessen,06435,LK Main-Kinzig-Kreis,4,7,1,1,12,50,40,6
2024-02-23,06,Hessen,06435,LK Main-Kinzig-Kreis,4,7,1,1,9,58,46,4
2024-02-24,06,Hessen,06435,LK Main-Kinzig-Kreis,4,7,1,1,8,57,47,3
2024-02-25,06,Hessen,06435,LK Main-Kinzig-Kreis,3,6,1,1,10,47,37,5
2024-02-26,06,Hessen,06435,LK Main-Kinzig-Kreis,3,6,0,NA,10,44,34,5
2024-02-27,06,Hessen,06435,LK Main-Kinzig-Kreis,3,6,0,NA,8,46,36,3
2024-02-28,06,Hessen,06435,LK Main-Kinzig-Kreis,3,6,0,NA,6,49,39,1
2024-02-29,06,Hessen,06435,LK Main-Kinzig-Kreis,3,6,0,NA,11,45,35,6
2024-03-01,06,Hessen,06435,LK Main-Kinzig-Kreis,3,6,0,NA,9,47,38,3
2024-03-02,06,Hessen,06435,LK Main-Kinzig-Kreis,3,6,0,NA,14,42,34,6
2024-03-03,06,Hessen,06435,LK Main-Kinzig-Kreis,3,6,0,NA,8,47,36,3
2024-03-04,06,Hessen,06435,LK Main-Kinzig-Kreis,4,7,1,0,14,48,39,7
2024-03-05,06,Hessen,06435,LK Main-Kinzig-Kreis,4,7,1,0,16,46,37,9
2024-03-06,06,Hessen,06435,LK Main-Kinzig-Kreis,4,7,1,0,12,50,41,5
2024-03-07,06,Hessen,06435,LK Main-Kinzig-Kreis,4,7,1,0,12,50,41,5
2024-03-08,06,Hessen,06435,LK Main-Kinzig-Kreis,4,7,1,0,13,48,39,6
2024-03-09,06,Hessen,06435,LK Main-Kinzig-Kreis,4,7,2,0,12,49,38,7
2024-03-10,06,Hessen,06435,LK Main-Kinzig-Kreis,4,7,3,0,10,52,42,4
2024-03-11,06,Hessen,06435,LK Main-Kinzig-Kreis,3,6,1,0,8,47,37,2
2024-03-12,06,Hessen,06435,LK Main-Kinzig-Kreis,3,6,0,NA,7,48,38,1
2024-03-13,06,Hessen,06435,LK Main-Kinzig-Kreis,3,6,0,NA,9,46,36,2
2024-03-14,06,Hessen,06435,LK Main-Kinzig-Kreis,3,6,0,NA,7,48,36,2
2024-03-15,06,Hessen,06435,LK Main-Kinzig-Kreis,3,6,0,NA,7,48,36,2
2024-03-16,06,Hessen,06435,LK Main-Kinzig-Kreis,3,6,0,NA,8,49,37,3
2024-03-17,06,Hessen,06435,LK Main-Kinzig-Kreis,4,7,1,0,12,52,40,7
2024-03-18,06,Hessen,06435,LK Main-Kinzig-Kreis,4,7,1,0,11,53,41,6
2024-03-19,06,Hessen,06435,LK Main-Kinzig-Kreis,4,7,2,0,10,53,40,6
2024-03-20,06,Hessen,06435,LK Main-Kinzig-Kreis,4,7,1,0,10,54,41,6
2024-03-21,06,Hessen,06435,LK Main-Kinzig-Kreis,4,7,1,0,9,55,42,5
2024-03-22,06,Hessen,06435,LK Main-Kinzig-Kreis,4,7,1,0,9,55,42,5
2024-03-23,06,Hessen,06435,LK Main-Kinzig-Kreis,4,6,1,0,4,52,42,4
2024-03-24,06,Hessen,06435,LK Main-Kinzig-Kreis,3,5,0,NA,7,42,34,5
2024-03-25,06,Hessen,06435,LK Main-Kinzig-Kreis,3,5,0,NA,6,43,35,4
2024-03-26,06,Hessen,06435,LK Main-Kinzig-Kreis,3,6,0,NA,12,44,35,4
2024-03-27,06,Hessen,06435,LK Main-Kinzig-Kreis,3,6,0,NA,16,39,29,10
2024-03-28,06,Hessen,06435,LK Main-Kinzig-Kreis,3,6,0,NA,14,42,33,7
2024-03-29,06,Hessen,06435,LK Main-Kinzig-Kreis,3,6,0,NA,12,43,34,5
2024-03-30,06,Hessen,06435,LK Main-Kinzig-Kreis,3,6,0,NA,10,45,34,5
2024-03-31,06,Hessen,06435,LK Main-Kinzig-Kreis,3,6,0,NA,12,42,32,6
2024-04-01,06,Hessen,06435,LK Main-Kinzig-Kreis,3,6,0,NA,14,40,30,8
2024-04-02,06,Hessen,06435,LK Main-Kinzig-Kreis,3,5,0,NA,12,37,32,7
2024-04-03,06,Hessen,06435,LK Main-Kinzig-Kreis,3,6,1,0,16,39,32,7
2024-04-04,06,Hessen,06435,LK Main-Kinzig-Kreis,3,6,1,0,13,42,34,5
2024-04-05,06,Hessen,06435,LK Main-Kinzig-Kreis,3,6,1,0,22,35,28,13
2024-04-06,06,Hessen,06435,LK Main-Kinzig-Kreis,3,6,1,0,18,37,29,10
2024-04-07,06,Hessen,06435,LK Main-Kinzig-Kreis,3,6,1,0,17,38,29,10
2024-04-08,06,Hessen,06435,LK Main-Kinzig-Kreis,3,6,1,1,21,32,27,10
2024-04-09,06,Hessen,06435,LK Main-Kinzig-Kreis,3,6,1,1,18,36,30,8
2024-04-10,06,Hessen,06435,LK Main-Kinzig-Kreis,3,6,1,1,11,45,35,5
2024-04-11,06,Hessen,06435,LK Main-Kinzig-Kreis,3,6,1,1,13,44,35,6
2024-04-12,06,Hessen,06435,LK Main-Kinzig-Kreis,3,6,1,1,11,46,36,5
2024-04-13,06,Hessen,06435,LK Main-Kinzig-Kreis,3,6,1,1,10,47,36,5
2024-04-14,06,Hessen,06435,LK Main-Kinzig-Kreis,3,6,1,1,12,44,33,7
2024-04-15,06,Hessen,06435,LK Main-Kinzig-Kreis,3,6,1,1,18,38,27,13
2024-04-16,06,Hessen,06435,LK Main-Kinzig-Kreis,3,6,1,1,6,51,40,1
2024-04-17,06,Hessen,06435,LK Main-Kinzig-Kreis,3,6,1,1,11,45,34,6
2024-04-18,06,Hessen,06435,LK Main-Kinzig-Kreis,3,6,1,1,13,43,32,8
2024-04-19,06,Hessen,06435,LK Main-Kinzig-Kreis,3,6,1,1,14,42,30,10
