date,bundesland_id,bundesland_name,landkreis_id,landkreis_name,anzahl_standorte,anzahl_meldebereiche,faelle_covid_aktuell,faelle_covid_aktuell_invasiv_beatmet,intensivbetten_frei,occupancy,intensivbetten_belegt_erwachsen,intensivbetten_frei_erwachsen
2020-04-24,16,Thüringen,16071,LK Weimarer Land,3,3,7,6,37,85,85,37
2020-04-25,16,Thüringen,16071,LK Weimarer Land,3,3,7,6,40,82,82,40
2020-04-26,16,Thüringen,16071,LK Weimarer Land,3,3,7,5,47,75,75,47
2020-04-27,16,Thüringen,16071,LK Weimarer Land,3,3,7,5,50,72,72,50
2020-04-28,16,Thüringen,16071,LK Weimarer Land,3,3,7,5,54,68,68,54
2020-04-29,16,Thüringen,16071,LK Weimarer Land,3,3,7,5,46,76,76,46
2020-04-30,16,Thüringen,16071,LK Weimarer Land,3,3,6,4,51,70,70,51
2020-05-01,16,Thüringen,16071,LK Weimarer Land,3,3,6,4,45,77,77,45
2020-05-02,16,Thüringen,16071,LK Weimarer Land,3,3,5,3,45,77,77,45
2020-05-03,16,Thüringen,16071,LK Weimarer Land,3,3,5,3,49,75,75,49
2020-05-04,16,Thüringen,16071,LK Weimarer Land,3,3,5,3,54,68,68,54
2020-05-05,16,Thüringen,16071,LK Weimarer Land,3,3,5,3,49,73,73,49
2020-05-06,16,Thüringen,16071,LK Weimarer Land,3,3,5,3,42,80,80,42
2020-05-07,16,Thüringen,16071,LK Weimarer Land,3,3,5,3,40,82,82,40
2020-05-08,16,Thüringen,16071,LK Weimarer Land,3,3,5,3,40,82,82,40
2020-05-09,16,Thüringen,16071,LK Weimarer Land,3,3,5,3,44,78,78,44
2020-05-10,16,Thüringen,16071,LK Weimarer Land,3,3,5,3,52,68,68,52
2020-05-11,16,Thüringen,16071,LK Weimarer Land,3,3,5,3,44,75,75,44
2020-05-12,16,Thüringen,16071,LK Weimarer Land,3,3,6,4,43,79,79,43
2020-05-13,16,Thüringen,16071,LK Weimarer Land,3,3,6,4,43,79,79,43
2020-05-14,16,Thüringen,16071,LK Weimarer Land,3,3,5,3,51,71,71,51
2020-05-15,16,Thüringen,16071,LK Weimarer Land,3,3,4,3,43,79,79,43
2020-05-16,16,Thüringen,16071,LK Weimarer Land,3,3,4,3,42,80,80,42
2020-05-17,16,Thüringen,16071,LK Weimarer Land,3,3,4,3,47,75,75,47
2020-05-18,16,Thüringen,16071,LK Weimarer Land,3,3,4,3,46,76,76,46
2020-05-19,16,Thüringen,16071,LK Weimarer Land,3,3,4,3,40,82,82,40
2020-05-20,16,Thüringen,16071,LK Weimarer Land,3,3,4,3,43,79,79,43
2020-05-21,16,Thüringen,16071,LK Weimarer Land,3,3,4,3,50,72,72,50
2020-05-22,16,Thüringen,16071,LK Weimarer Land,3,3,4,3,54,68,68,54
2020-05-23,16,Thüringen,16071,LK Weimarer Land,3,3,4,3,57,65,65,57
2020-05-24,16,Thüringen,16071,LK Weimarer Land,3,3,4,2,61,61,61,61
2020-05-25,16,Thüringen,16071,LK Weimarer Land,3,3,4,2,58,70,70,58
2020-05-26,16,Thüringen,16071,LK Weimarer Land,3,3,4,2,48,80,80,48
2020-05-27,16,Thüringen,16071,LK Weimarer Land,3,3,3,2,47,75,75,47
2020-05-28,16,Thüringen,16071,LK Weimarer Land,3,3,3,2,44,78,78,44
2020-05-29,16,Thüringen,16071,LK Weimarer Land,3,3,3,2,44,78,78,44
2020-05-30,16,Thüringen,16071,LK Weimarer Land,3,3,2,2,49,73,73,49
2020-05-31,16,Thüringen,16071,LK Weimarer Land,3,3,2,2,56,66,66,56
2020-06-01,16,Thüringen,16071,LK Weimarer Land,3,3,2,2,59,63,63,59
2020-06-02,16,Thüringen,16071,LK Weimarer Land,3,3,2,2,60,62,62,60
2020-06-03,16,Thüringen,16071,LK Weimarer Land,3,3,1,1,49,73,73,49
2020-06-04,16,Thüringen,16071,LK Weimarer Land,3,3,0,0,45,77,77,45
2020-06-05,16,Thüringen,16071,LK Weimarer Land,3,3,0,0,48,74,74,48
2020-06-06,16,Thüringen,16071,LK Weimarer Land,3,3,0,0,46,76,76,46
2020-06-07,16,Thüringen,16071,LK Weimarer Land,3,3,0,0,53,69,69,53
2020-06-08,16,Thüringen,16071,LK Weimarer Land,3,3,0,0,53,69,69,53
2020-06-09,16,Thüringen,16071,LK Weimarer Land,3,3,0,0,47,75,75,47
2020-06-10,16,Thüringen,16071,LK Weimarer Land,3,3,0,0,52,70,70,52
2020-06-11,16,Thüringen,16071,LK Weimarer Land,3,3,0,0,45,77,77,45
2020-06-12,16,Thüringen,16071,LK Weimarer Land,3,3,0,0,47,75,75,47
2020-06-13,16,Thüringen,16071,LK Weimarer Land,3,3,0,0,46,77,77,46
2020-06-14,16,Thüringen,16071,LK Weimarer Land,3,3,0,0,49,74,74,49
2020-06-15,16,Thüringen,16071,LK Weimarer Land,3,3,0,0,53,70,70,53
2020-06-16,16,Thüringen,16071,LK Weimarer Land,3,3,0,0,47,73,73,47
2020-06-17,16,Thüringen,16071,LK Weimarer Land,3,3,0,0,43,83,83,43
2020-06-18,16,Thüringen,16071,LK Weimarer Land,3,3,0,0,42,84,84,42
2020-06-19,16,Thüringen,16071,LK Weimarer Land,3,3,0,0,43,82,82,43
2020-06-20,16,Thüringen,16071,LK Weimarer Land,3,3,0,0,43,78,78,43
2020-06-21,16,Thüringen,16071,LK Weimarer Land,3,3,0,0,61,62,62,61
2020-06-22,16,Thüringen,16071,LK Weimarer Land,3,3,0,0,61,61,61,61
2020-06-23,16,Thüringen,16071,LK Weimarer Land,3,3,0,0,44,78,78,44
2020-06-24,16,Thüringen,16071,LK Weimarer Land,3,3,0,0,50,72,72,50
2020-06-25,16,Thüringen,16071,LK Weimarer Land,3,3,0,0,46,76,76,46
2020-06-26,16,Thüringen,16071,LK Weimarer Land,3,3,0,0,43,79,79,43
2020-06-27,16,Thüringen,16071,LK Weimarer Land,3,3,0,0,43,79,79,43
2020-06-28,16,Thüringen,16071,LK Weimarer Land,3,3,0,0,53,69,69,53
2020-06-29,16,Thüringen,16071,LK Weimarer Land,3,3,0,0,52,70,70,52
2020-06-30,16,Thüringen,16071,LK Weimarer Land,3,3,0,0,51,71,71,51
2020-07-01,16,Thüringen,16071,LK Weimarer Land,3,3,0,0,51,74,74,51
2020-07-02,16,Thüringen,16071,LK Weimarer Land,3,3,0,0,42,80,80,42
2020-07-03,16,Thüringen,16071,LK Weimarer Land,3,3,0,0,40,82,82,40
2020-07-04,16,Thüringen,16071,LK Weimarer Land,3,3,0,0,38,84,84,38
2020-07-05,16,Thüringen,16071,LK Weimarer Land,3,3,0,0,41,82,82,41
2020-07-06,16,Thüringen,16071,LK Weimarer Land,3,3,0,0,47,75,75,47
2020-07-07,16,Thüringen,16071,LK Weimarer Land,3,3,0,0,49,73,73,49
2020-07-08,16,Thüringen,16071,LK Weimarer Land,3,3,0,0,44,78,78,44
2020-07-09,16,Thüringen,16071,LK Weimarer Land,3,3,0,0,52,70,70,52
2020-07-10,16,Thüringen,16071,LK Weimarer Land,3,3,0,0,48,74,74,48
2020-07-11,16,Thüringen,16071,LK Weimarer Land,3,3,0,0,44,78,78,44
2020-07-12,16,Thüringen,16071,LK Weimarer Land,3,3,0,0,49,73,73,49
2020-07-13,16,Thüringen,16071,LK Weimarer Land,3,3,0,0,47,75,75,47
2020-07-14,16,Thüringen,16071,LK Weimarer Land,3,3,0,0,40,82,82,40
2020-07-15,16,Thüringen,16071,LK Weimarer Land,3,3,0,0,42,80,80,42
2020-07-16,16,Thüringen,16071,LK Weimarer Land,3,3,0,0,40,81,81,40
2020-07-17,16,Thüringen,16071,LK Weimarer Land,3,3,0,0,47,78,78,47
2020-07-18,16,Thüringen,16071,LK Weimarer Land,3,3,0,0,44,78,78,44
2020-07-19,16,Thüringen,16071,LK Weimarer Land,3,3,0,0,45,77,77,45
2020-07-20,16,Thüringen,16071,LK Weimarer Land,3,3,0,0,43,79,79,43
2020-07-21,16,Thüringen,16071,LK Weimarer Land,3,3,0,0,47,75,75,47
2020-07-22,16,Thüringen,16071,LK Weimarer Land,3,3,0,0,44,80,80,44
2020-07-23,16,Thüringen,16071,LK Weimarer Land,3,3,0,0,46,77,77,46
2020-07-24,16,Thüringen,16071,LK Weimarer Land,3,3,0,0,46,76,76,46
2020-07-25,16,Thüringen,16071,LK Weimarer Land,3,3,1,0,39,82,82,39
2020-07-26,16,Thüringen,16071,LK Weimarer Land,3,3,1,0,47,74,74,47
2020-07-27,16,Thüringen,16071,LK Weimarer Land,3,3,1,0,57,64,64,57
2020-07-28,16,Thüringen,16071,LK Weimarer Land,3,3,1,0,50,71,71,50
2020-07-29,16,Thüringen,16071,LK Weimarer Land,3,3,1,0,39,83,83,39
2020-07-30,16,Thüringen,16071,LK Weimarer Land,3,3,1,0,44,77,77,44
2020-07-31,16,Thüringen,16071,LK Weimarer Land,3,3,0,0,37,84,84,37
2020-08-01,16,Thüringen,16071,LK Weimarer Land,3,3,0,0,42,79,79,42
2020-08-02,16,Thüringen,16071,LK Weimarer Land,3,3,0,0,42,79,79,42
2020-08-03,16,Thüringen,16071,LK Weimarer Land,3,3,1,0,48,71,71,48
2020-08-04,16,Thüringen,16071,LK Weimarer Land,3,3,1,0,22,79,79,22
2020-08-05,16,Thüringen,16071,LK Weimarer Land,3,3,1,0,24,77,77,24
2020-08-06,16,Thüringen,16071,LK Weimarer Land,3,3,1,0,22,79,79,22
2020-08-07,16,Thüringen,16071,LK Weimarer Land,3,3,1,0,25,76,76,25
2020-08-08,16,Thüringen,16071,LK Weimarer Land,3,3,1,0,26,75,75,26
2020-08-09,16,Thüringen,16071,LK Weimarer Land,3,3,1,0,28,73,73,28
2020-08-10,16,Thüringen,16071,LK Weimarer Land,3,3,1,0,27,74,74,27
2020-08-11,16,Thüringen,16071,LK Weimarer Land,3,3,1,0,31,70,70,31
2020-08-12,16,Thüringen,16071,LK Weimarer Land,3,3,0,0,24,77,77,24
2020-08-13,16,Thüringen,16071,LK Weimarer Land,3,3,0,0,22,79,79,22
2020-08-14,16,Thüringen,16071,LK Weimarer Land,3,3,0,0,23,78,78,23
2020-08-15,16,Thüringen,16071,LK Weimarer Land,3,3,0,0,20,81,81,20
2020-08-16,16,Thüringen,16071,LK Weimarer Land,3,3,0,0,27,74,74,27
2020-08-17,16,Thüringen,16071,LK Weimarer Land,3,3,0,0,29,72,72,29
2020-08-18,16,Thüringen,16071,LK Weimarer Land,3,3,0,0,30,71,71,30
2020-08-19,16,Thüringen,16071,LK Weimarer Land,3,3,0,0,20,81,81,20
2020-08-20,16,Thüringen,16071,LK Weimarer Land,3,3,0,0,20,81,81,20
2020-08-21,16,Thüringen,16071,LK Weimarer Land,3,3,1,0,27,74,74,27
2020-08-22,16,Thüringen,16071,LK Weimarer Land,3,3,0,0,23,78,78,23
2020-08-23,16,Thüringen,16071,LK Weimarer Land,3,3,0,0,30,71,71,30
2020-08-24,16,Thüringen,16071,LK Weimarer Land,3,3,0,0,33,68,68,33
2020-08-25,16,Thüringen,16071,LK Weimarer Land,3,3,0,0,29,72,72,29
2020-08-26,16,Thüringen,16071,LK Weimarer Land,3,3,0,0,26,75,75,26
2020-08-27,16,Thüringen,16071,LK Weimarer Land,3,3,1,1,22,79,79,22
2020-08-28,16,Thüringen,16071,LK Weimarer Land,3,3,1,1,27,74,74,27
2020-08-29,16,Thüringen,16071,LK Weimarer Land,3,3,1,0,32,69,69,32
2020-08-30,16,Thüringen,16071,LK Weimarer Land,3,3,1,0,36,65,65,36
2020-08-31,16,Thüringen,16071,LK Weimarer Land,3,3,1,0,33,68,68,33
2020-09-01,16,Thüringen,16071,LK Weimarer Land,3,3,1,0,26,75,75,26
2020-09-02,16,Thüringen,16071,LK Weimarer Land,3,3,1,0,26,75,75,26
2020-09-03,16,Thüringen,16071,LK Weimarer Land,3,3,1,0,30,71,71,30
2020-09-04,16,Thüringen,16071,LK Weimarer Land,3,3,1,0,29,72,72,29
2020-09-05,16,Thüringen,16071,LK Weimarer Land,3,3,1,0,27,74,74,27
2020-09-06,16,Thüringen,16071,LK Weimarer Land,3,3,1,0,29,72,72,29
2020-09-07,16,Thüringen,16071,LK Weimarer Land,3,3,1,0,33,68,68,33
2020-09-08,16,Thüringen,16071,LK Weimarer Land,3,3,1,0,27,74,74,27
2020-09-09,16,Thüringen,16071,LK Weimarer Land,3,3,1,0,24,77,77,24
2020-09-10,16,Thüringen,16071,LK Weimarer Land,3,3,1,0,24,77,77,24
2020-09-11,16,Thüringen,16071,LK Weimarer Land,3,3,0,0,22,79,79,22
2020-09-12,16,Thüringen,16071,LK Weimarer Land,3,3,0,0,24,77,77,24
2020-09-13,16,Thüringen,16071,LK Weimarer Land,3,3,0,0,31,70,70,31
2020-09-14,16,Thüringen,16071,LK Weimarer Land,3,3,2,0,26,75,75,26
2020-09-15,16,Thüringen,16071,LK Weimarer Land,3,3,2,0,22,79,79,22
2020-09-16,16,Thüringen,16071,LK Weimarer Land,3,3,2,0,26,75,75,26
2020-09-17,16,Thüringen,16071,LK Weimarer Land,3,3,2,0,24,77,77,24
2020-09-18,16,Thüringen,16071,LK Weimarer Land,3,3,2,0,23,78,78,23
2020-09-19,16,Thüringen,16071,LK Weimarer Land,3,3,1,0,25,76,76,25
2020-09-20,16,Thüringen,16071,LK Weimarer Land,3,3,1,0,31,70,70,31
2020-09-21,16,Thüringen,16071,LK Weimarer Land,3,3,1,0,31,70,70,31
2020-09-22,16,Thüringen,16071,LK Weimarer Land,3,3,0,0,27,74,74,27
2020-09-23,16,Thüringen,16071,LK Weimarer Land,3,3,0,0,18,83,83,18
2020-09-24,16,Thüringen,16071,LK Weimarer Land,3,3,0,0,25,76,76,25
2020-09-25,16,Thüringen,16071,LK Weimarer Land,3,3,0,0,26,75,75,26
2020-09-26,16,Thüringen,16071,LK Weimarer Land,3,3,1,0,26,75,75,26
2020-09-27,16,Thüringen,16071,LK Weimarer Land,3,3,1,0,31,70,70,31
2020-09-28,16,Thüringen,16071,LK Weimarer Land,3,3,1,0,37,64,64,37
2020-09-29,16,Thüringen,16071,LK Weimarer Land,3,3,1,0,25,76,76,25
2020-09-30,16,Thüringen,16071,LK Weimarer Land,3,3,0,0,32,69,69,32
2020-10-01,16,Thüringen,16071,LK Weimarer Land,3,3,0,0,29,72,72,29
2020-10-02,16,Thüringen,16071,LK Weimarer Land,3,3,0,0,30,71,71,30
2020-10-03,16,Thüringen,16071,LK Weimarer Land,3,3,0,0,26,75,75,26
2020-10-04,16,Thüringen,16071,LK Weimarer Land,3,3,0,0,36,65,65,36
2020-10-05,16,Thüringen,16071,LK Weimarer Land,3,3,0,0,42,59,59,42
2020-10-06,16,Thüringen,16071,LK Weimarer Land,3,3,0,0,31,70,70,31
2020-10-07,16,Thüringen,16071,LK Weimarer Land,3,3,0,0,21,80,80,21
2020-10-08,16,Thüringen,16071,LK Weimarer Land,3,3,0,0,17,84,84,17
2020-10-09,16,Thüringen,16071,LK Weimarer Land,3,3,0,0,27,74,74,27
2020-10-10,16,Thüringen,16071,LK Weimarer Land,3,3,0,0,29,72,72,29
2020-10-11,16,Thüringen,16071,LK Weimarer Land,3,3,0,0,36,65,65,36
2020-10-12,16,Thüringen,16071,LK Weimarer Land,3,3,0,0,38,63,63,38
2020-10-13,16,Thüringen,16071,LK Weimarer Land,3,3,0,0,30,71,71,30
2020-10-14,16,Thüringen,16071,LK Weimarer Land,3,3,0,0,34,67,67,34
2020-10-15,16,Thüringen,16071,LK Weimarer Land,3,3,1,0,30,71,71,30
2020-10-16,16,Thüringen,16071,LK Weimarer Land,3,3,1,0,37,64,64,37
2020-10-17,16,Thüringen,16071,LK Weimarer Land,3,3,1,0,32,69,69,32
2020-10-18,16,Thüringen,16071,LK Weimarer Land,3,3,1,0,36,65,65,36
2020-10-19,16,Thüringen,16071,LK Weimarer Land,3,3,1,0,35,66,66,35
2020-10-20,16,Thüringen,16071,LK Weimarer Land,3,3,0,0,26,75,75,26
2020-10-21,16,Thüringen,16071,LK Weimarer Land,3,3,0,0,26,75,75,26
2020-10-22,16,Thüringen,16071,LK Weimarer Land,3,3,0,0,27,74,74,27
2020-10-23,16,Thüringen,16071,LK Weimarer Land,3,3,2,0,24,77,77,24
2020-10-24,16,Thüringen,16071,LK Weimarer Land,3,3,4,0,23,78,78,23
2020-10-25,16,Thüringen,16071,LK Weimarer Land,3,3,6,0,27,74,74,27
2020-10-26,16,Thüringen,16071,LK Weimarer Land,3,3,5,0,30,71,71,30
2020-10-27,16,Thüringen,16071,LK Weimarer Land,3,3,3,0,38,63,63,38
2020-10-28,16,Thüringen,16071,LK Weimarer Land,3,3,4,0,23,78,78,23
2020-10-29,16,Thüringen,16071,LK Weimarer Land,3,3,4,0,26,75,75,26
2020-10-30,16,Thüringen,16071,LK Weimarer Land,3,3,2,0,23,78,78,23
2020-10-31,16,Thüringen,16071,LK Weimarer Land,3,3,2,0,25,76,76,25
2020-11-01,16,Thüringen,16071,LK Weimarer Land,3,3,2,0,23,78,78,23
2020-11-02,16,Thüringen,16071,LK Weimarer Land,3,3,3,0,32,69,69,32
2020-11-03,16,Thüringen,16071,LK Weimarer Land,3,3,3,0,30,71,71,30
2020-11-04,16,Thüringen,16071,LK Weimarer Land,3,3,5,0,19,82,82,19
2020-11-05,16,Thüringen,16071,LK Weimarer Land,3,3,5,0,21,80,80,21
2020-11-06,16,Thüringen,16071,LK Weimarer Land,3,3,4,0,24,77,77,24
2020-11-07,16,Thüringen,16071,LK Weimarer Land,3,3,4,0,23,78,78,23
2020-11-08,16,Thüringen,16071,LK Weimarer Land,3,3,5,0,23,78,78,23
2020-11-09,16,Thüringen,16071,LK Weimarer Land,3,3,6,1,25,76,76,25
2020-11-10,16,Thüringen,16071,LK Weimarer Land,3,3,6,2,24,77,77,24
2020-11-11,16,Thüringen,16071,LK Weimarer Land,3,3,7,2,17,84,84,17
2020-11-12,16,Thüringen,16071,LK Weimarer Land,3,3,9,3,19,82,82,19
2020-11-13,16,Thüringen,16071,LK Weimarer Land,3,3,9,3,18,82,82,18
2020-11-14,16,Thüringen,16071,LK Weimarer Land,3,3,7,3,24,77,77,24
2020-11-15,16,Thüringen,16071,LK Weimarer Land,3,3,7,3,25,76,76,25
2020-11-16,16,Thüringen,16071,LK Weimarer Land,3,3,8,4,26,75,75,26
2020-11-17,16,Thüringen,16071,LK Weimarer Land,3,3,8,4,23,78,78,23
2020-11-18,16,Thüringen,16071,LK Weimarer Land,3,3,8,4,11,90,90,11
2020-11-19,16,Thüringen,16071,LK Weimarer Land,3,3,6,4,21,80,80,21
2020-11-20,16,Thüringen,16071,LK Weimarer Land,3,3,6,4,17,84,84,17
2020-11-21,16,Thüringen,16071,LK Weimarer Land,3,3,6,4,23,78,78,23
2020-11-22,16,Thüringen,16071,LK Weimarer Land,3,3,7,4,27,74,74,27
2020-11-23,16,Thüringen,16071,LK Weimarer Land,3,3,8,5,30,71,71,30
2020-11-24,16,Thüringen,16071,LK Weimarer Land,3,3,10,6,21,80,80,21
2020-11-25,16,Thüringen,16071,LK Weimarer Land,3,3,8,5,21,80,80,21
2020-11-26,16,Thüringen,16071,LK Weimarer Land,3,3,9,5,24,77,77,24
2020-11-27,16,Thüringen,16071,LK Weimarer Land,3,3,9,5,20,81,81,20
2020-11-28,16,Thüringen,16071,LK Weimarer Land,3,3,10,5,29,72,72,29
2020-11-29,16,Thüringen,16071,LK Weimarer Land,3,3,9,5,32,69,69,32
2020-11-30,16,Thüringen,16071,LK Weimarer Land,3,3,11,6,29,72,72,29
2020-12-01,16,Thüringen,16071,LK Weimarer Land,3,3,13,6,26,75,75,26
2020-12-02,16,Thüringen,16071,LK Weimarer Land,3,3,11,6,20,81,81,20
2020-12-03,16,Thüringen,16071,LK Weimarer Land,3,3,13,7,22,79,79,22
2020-12-04,16,Thüringen,16071,LK Weimarer Land,3,3,12,6,13,88,88,13
2020-12-05,16,Thüringen,16071,LK Weimarer Land,3,3,12,9,16,85,85,16
2020-12-06,16,Thüringen,16071,LK Weimarer Land,3,3,12,9,24,77,77,24
2020-12-07,16,Thüringen,16071,LK Weimarer Land,3,3,11,9,25,76,76,25
2020-12-08,16,Thüringen,16071,LK Weimarer Land,3,3,9,8,25,76,76,25
2020-12-09,16,Thüringen,16071,LK Weimarer Land,3,3,12,8,20,81,81,20
2020-12-10,16,Thüringen,16071,LK Weimarer Land,3,3,14,10,12,89,89,12
2020-12-11,16,Thüringen,16071,LK Weimarer Land,3,3,12,11,21,80,80,21
2020-12-12,16,Thüringen,16071,LK Weimarer Land,3,3,14,12,19,82,82,19
2020-12-13,16,Thüringen,16071,LK Weimarer Land,3,3,14,12,23,72,72,23
2020-12-14,16,Thüringen,16071,LK Weimarer Land,3,3,15,11,23,74,74,23
2020-12-15,16,Thüringen,16071,LK Weimarer Land,3,3,14,11,18,79,79,18
2020-12-16,16,Thüringen,16071,LK Weimarer Land,3,3,14,11,14,83,83,14
2020-12-17,16,Thüringen,16071,LK Weimarer Land,3,3,11,8,18,79,79,18
2020-12-18,16,Thüringen,16071,LK Weimarer Land,3,3,11,8,12,83,83,12
2020-12-19,16,Thüringen,16071,LK Weimarer Land,3,3,11,9,21,74,74,21
2020-12-20,16,Thüringen,16071,LK Weimarer Land,3,3,15,12,22,73,73,22
2020-12-21,16,Thüringen,16071,LK Weimarer Land,3,3,16,12,18,79,79,18
2020-12-22,16,Thüringen,16071,LK Weimarer Land,3,3,16,14,21,76,76,21
2020-12-23,16,Thüringen,16071,LK Weimarer Land,3,3,17,15,19,78,78,19
2020-12-24,16,Thüringen,16071,LK Weimarer Land,3,3,19,15,28,69,69,28
2020-12-25,16,Thüringen,16071,LK Weimarer Land,3,3,20,15,14,73,73,14
2020-12-26,16,Thüringen,16071,LK Weimarer Land,3,3,20,15,15,72,72,15
2020-12-27,16,Thüringen,16071,LK Weimarer Land,3,3,21,17,13,74,74,13
2020-12-28,16,Thüringen,16071,LK Weimarer Land,3,3,22,19,18,69,69,18
2020-12-29,16,Thüringen,16071,LK Weimarer Land,3,3,22,20,20,67,67,20
2020-12-30,16,Thüringen,16071,LK Weimarer Land,3,3,21,17,18,69,69,18
2020-12-31,16,Thüringen,16071,LK Weimarer Land,3,3,23,17,11,76,76,11
2021-01-01,16,Thüringen,16071,LK Weimarer Land,3,3,23,18,14,73,73,14
2021-01-02,16,Thüringen,16071,LK Weimarer Land,3,3,26,18,18,69,69,18
2021-01-03,16,Thüringen,16071,LK Weimarer Land,3,3,25,20,18,69,69,18
2021-01-04,16,Thüringen,16071,LK Weimarer Land,3,3,25,19,22,65,65,22
2021-01-05,16,Thüringen,16071,LK Weimarer Land,3,3,23,19,19,68,68,19
2021-01-06,16,Thüringen,16071,LK Weimarer Land,3,3,23,19,20,67,67,20
2021-01-07,16,Thüringen,16071,LK Weimarer Land,3,3,25,19,14,68,68,14
2021-01-08,16,Thüringen,16071,LK Weimarer Land,3,3,26,16,15,67,67,15
2021-01-09,16,Thüringen,16071,LK Weimarer Land,3,3,24,17,12,70,70,12
2021-01-10,16,Thüringen,16071,LK Weimarer Land,3,3,23,17,15,67,67,15
2021-01-11,16,Thüringen,16071,LK Weimarer Land,3,3,24,18,14,68,68,14
2021-01-12,16,Thüringen,16071,LK Weimarer Land,3,3,27,20,7,75,75,7
2021-01-13,16,Thüringen,16071,LK Weimarer Land,3,3,28,17,10,77,77,10
2021-01-14,16,Thüringen,16071,LK Weimarer Land,3,3,28,19,16,71,71,16
2021-01-15,16,Thüringen,16071,LK Weimarer Land,3,3,31,19,16,71,71,16
2021-01-16,16,Thüringen,16071,LK Weimarer Land,3,3,28,18,19,68,68,19
2021-01-17,16,Thüringen,16071,LK Weimarer Land,3,3,27,18,19,68,68,19
2021-01-18,16,Thüringen,16071,LK Weimarer Land,3,3,27,16,17,70,70,17
2021-01-19,16,Thüringen,16071,LK Weimarer Land,3,3,28,16,10,77,77,10
2021-01-20,16,Thüringen,16071,LK Weimarer Land,3,3,27,15,11,76,76,11
2021-01-21,16,Thüringen,16071,LK Weimarer Land,3,3,26,15,15,72,72,15
2021-01-22,16,Thüringen,16071,LK Weimarer Land,3,3,21,14,14,73,73,14
2021-01-23,16,Thüringen,16071,LK Weimarer Land,3,3,23,14,17,70,70,17
2021-01-24,16,Thüringen,16071,LK Weimarer Land,3,3,24,16,19,68,68,19
2021-01-25,16,Thüringen,16071,LK Weimarer Land,3,3,23,15,16,71,71,16
2021-01-26,16,Thüringen,16071,LK Weimarer Land,3,3,20,14,16,71,71,16
2021-01-27,16,Thüringen,16071,LK Weimarer Land,3,3,19,14,17,70,70,17
2021-01-28,16,Thüringen,16071,LK Weimarer Land,3,3,21,15,13,74,74,13
2021-01-29,16,Thüringen,16071,LK Weimarer Land,3,3,22,15,17,70,70,17
2021-01-30,16,Thüringen,16071,LK Weimarer Land,3,3,22,15,11,76,76,11
2021-01-31,16,Thüringen,16071,LK Weimarer Land,3,3,21,15,17,70,70,17
2021-02-01,16,Thüringen,16071,LK Weimarer Land,3,3,21,14,13,74,74,13
2021-02-02,16,Thüringen,16071,LK Weimarer Land,3,3,20,16,18,69,69,18
2021-02-03,16,Thüringen,16071,LK Weimarer Land,3,3,21,16,18,69,69,18
2021-02-04,16,Thüringen,16071,LK Weimarer Land,3,3,20,14,11,76,76,11
2021-02-05,16,Thüringen,16071,LK Weimarer Land,3,3,20,15,16,71,71,16
2021-02-06,16,Thüringen,16071,LK Weimarer Land,3,3,20,14,15,72,72,15
2021-02-07,16,Thüringen,16071,LK Weimarer Land,3,3,21,14,13,72,72,13
2021-02-08,16,Thüringen,16071,LK Weimarer Land,3,3,20,14,11,71,71,11
2021-02-09,16,Thüringen,16071,LK Weimarer Land,3,3,21,12,9,74,74,9
2021-02-10,16,Thüringen,16071,LK Weimarer Land,3,3,20,12,8,78,78,8
2021-02-11,16,Thüringen,16071,LK Weimarer Land,3,3,21,12,6,79,79,6
2021-02-12,16,Thüringen,16071,LK Weimarer Land,3,3,19,12,11,76,76,11
2021-02-13,16,Thüringen,16071,LK Weimarer Land,3,3,18,12,11,76,76,11
2021-02-14,16,Thüringen,16071,LK Weimarer Land,3,3,17,11,11,74,74,11
2021-02-15,16,Thüringen,16071,LK Weimarer Land,3,3,16,10,14,68,68,14
2021-02-16,16,Thüringen,16071,LK Weimarer Land,3,3,13,11,10,71,71,10
2021-02-17,16,Thüringen,16071,LK Weimarer Land,3,3,12,10,13,72,72,13
2021-02-18,16,Thüringen,16071,LK Weimarer Land,3,3,11,10,9,76,76,9
2021-02-19,16,Thüringen,16071,LK Weimarer Land,3,3,12,11,8,77,77,8
2021-02-20,16,Thüringen,16071,LK Weimarer Land,3,3,13,12,9,76,76,9
2021-02-21,16,Thüringen,16071,LK Weimarer Land,3,3,11,10,14,71,71,14
2021-02-22,16,Thüringen,16071,LK Weimarer Land,3,3,11,10,20,65,65,20
2021-02-23,16,Thüringen,16071,LK Weimarer Land,3,3,14,12,7,78,78,7
2021-02-24,16,Thüringen,16071,LK Weimarer Land,3,3,14,10,10,75,75,10
2021-02-25,16,Thüringen,16071,LK Weimarer Land,3,3,14,10,8,84,84,8
2021-02-26,16,Thüringen,16071,LK Weimarer Land,3,3,14,10,9,85,85,9
2021-02-27,16,Thüringen,16071,LK Weimarer Land,3,3,13,10,14,70,70,14
2021-02-28,16,Thüringen,16071,LK Weimarer Land,3,3,15,10,12,73,73,12
2021-03-01,16,Thüringen,16071,LK Weimarer Land,3,3,13,9,14,67,67,14
2021-03-02,16,Thüringen,16071,LK Weimarer Land,3,3,13,10,13,74,74,13
2021-03-03,16,Thüringen,16071,LK Weimarer Land,3,3,13,11,9,82,82,9
2021-03-04,16,Thüringen,16071,LK Weimarer Land,3,3,14,12,13,82,82,13
2021-03-05,16,Thüringen,16071,LK Weimarer Land,3,3,12,10,8,81,81,8
2021-03-06,16,Thüringen,16071,LK Weimarer Land,3,3,12,9,6,83,83,6
2021-03-07,16,Thüringen,16071,LK Weimarer Land,3,3,12,9,16,73,73,16
2021-03-08,16,Thüringen,16071,LK Weimarer Land,3,3,13,10,10,70,70,10
2021-03-09,16,Thüringen,16071,LK Weimarer Land,3,3,14,10,6,79,79,6
2021-03-10,16,Thüringen,16071,LK Weimarer Land,3,3,15,11,6,85,85,6
2021-03-11,16,Thüringen,16071,LK Weimarer Land,3,3,14,10,6,85,85,6
2021-03-12,16,Thüringen,16071,LK Weimarer Land,3,3,13,10,7,86,86,7
2021-03-13,16,Thüringen,16071,LK Weimarer Land,3,3,13,11,10,83,83,10
2021-03-14,16,Thüringen,16071,LK Weimarer Land,3,3,16,12,14,73,73,14
2021-03-15,16,Thüringen,16071,LK Weimarer Land,3,3,16,12,14,75,75,14
2021-03-16,16,Thüringen,16071,LK Weimarer Land,3,3,16,12,10,84,84,10
2021-03-17,16,Thüringen,16071,LK Weimarer Land,3,3,16,11,6,89,89,6
2021-03-18,16,Thüringen,16071,LK Weimarer Land,3,3,15,11,5,90,90,5
2021-03-19,16,Thüringen,16071,LK Weimarer Land,3,3,14,12,7,87,87,7
2021-03-20,16,Thüringen,16071,LK Weimarer Land,3,3,13,12,12,82,82,12
2021-03-21,16,Thüringen,16071,LK Weimarer Land,3,3,14,13,14,80,80,14
2021-03-22,16,Thüringen,16071,LK Weimarer Land,3,3,14,13,10,79,79,10
2021-03-23,16,Thüringen,16071,LK Weimarer Land,3,3,17,14,4,87,87,4
2021-03-24,16,Thüringen,16071,LK Weimarer Land,3,3,18,14,5,86,86,5
2021-03-25,16,Thüringen,16071,LK Weimarer Land,3,3,17,15,4,91,91,4
2021-03-26,16,Thüringen,16071,LK Weimarer Land,3,3,17,15,6,89,89,6
2021-03-27,16,Thüringen,16071,LK Weimarer Land,3,3,17,13,5,86,86,5
2021-03-28,16,Thüringen,16071,LK Weimarer Land,3,3,15,14,8,77,77,8
2021-03-29,16,Thüringen,16071,LK Weimarer Land,3,3,15,13,9,80,80,9
2021-03-30,16,Thüringen,16071,LK Weimarer Land,3,3,14,12,9,84,84,9
2021-03-31,16,Thüringen,16071,LK Weimarer Land,3,3,14,12,8,83,83,8
2021-04-01,16,Thüringen,16071,LK Weimarer Land,3,3,14,11,10,85,85,10
2021-04-02,16,Thüringen,16071,LK Weimarer Land,3,3,16,12,8,86,86,8
2021-04-03,16,Thüringen,16071,LK Weimarer Land,3,3,19,11,12,81,81,12
2021-04-04,16,Thüringen,16071,LK Weimarer Land,3,3,16,13,13,72,72,13
2021-04-05,16,Thüringen,16071,LK Weimarer Land,3,3,16,12,15,70,70,15
2021-04-06,16,Thüringen,16071,LK Weimarer Land,3,3,19,12,15,72,72,15
2021-04-07,16,Thüringen,16071,LK Weimarer Land,3,3,21,14,12,80,80,12
2021-04-08,16,Thüringen,16071,LK Weimarer Land,3,3,21,14,11,76,76,11
2021-04-09,16,Thüringen,16071,LK Weimarer Land,3,3,22,15,12,80,80,12
2021-04-10,16,Thüringen,16071,LK Weimarer Land,3,3,23,15,11,78,78,11
2021-04-11,16,Thüringen,16071,LK Weimarer Land,3,3,22,14,12,75,75,12
2021-04-12,16,Thüringen,16071,LK Weimarer Land,3,3,22,13,12,75,75,12
2021-04-13,16,Thüringen,16071,LK Weimarer Land,3,3,20,13,10,79,79,10
2021-04-14,16,Thüringen,16071,LK Weimarer Land,3,3,19,13,10,81,81,10
2021-04-15,16,Thüringen,16071,LK Weimarer Land,3,3,18,13,9,82,82,9
2021-04-16,16,Thüringen,16071,LK Weimarer Land,3,3,18,14,7,80,80,7
2021-04-17,16,Thüringen,16071,LK Weimarer Land,3,3,20,17,10,80,80,10
2021-04-18,16,Thüringen,16071,LK Weimarer Land,3,3,19,15,13,74,74,13
2021-04-19,16,Thüringen,16071,LK Weimarer Land,3,3,20,15,10,81,81,10
2021-04-20,16,Thüringen,16071,LK Weimarer Land,3,3,21,13,6,84,84,6
2021-04-21,16,Thüringen,16071,LK Weimarer Land,3,3,20,12,8,82,82,8
2021-04-22,16,Thüringen,16071,LK Weimarer Land,3,3,19,14,10,81,81,10
2021-04-23,16,Thüringen,16071,LK Weimarer Land,3,3,21,14,7,86,86,7
2021-04-24,16,Thüringen,16071,LK Weimarer Land,3,3,19,11,8,83,83,8
2021-04-25,16,Thüringen,16071,LK Weimarer Land,3,3,19,12,9,79,79,9
2021-04-26,16,Thüringen,16071,LK Weimarer Land,3,3,18,12,7,81,81,7
2021-04-27,16,Thüringen,16071,LK Weimarer Land,3,3,17,13,6,86,86,6
2021-04-28,16,Thüringen,16071,LK Weimarer Land,3,3,18,14,9,80,80,9
2021-04-29,16,Thüringen,16071,LK Weimarer Land,3,3,22,16,4,86,86,4
2021-04-30,16,Thüringen,16071,LK Weimarer Land,3,3,21,18,6,85,85,6
2021-05-01,16,Thüringen,16071,LK Weimarer Land,3,3,21,19,7,83,83,7
2021-05-02,16,Thüringen,16071,LK Weimarer Land,3,3,20,18,12,77,77,12
2021-05-03,16,Thüringen,16071,LK Weimarer Land,3,3,20,18,12,79,79,12
2021-05-04,16,Thüringen,16071,LK Weimarer Land,3,3,19,17,8,81,81,8
2021-05-05,16,Thüringen,16071,LK Weimarer Land,3,3,20,16,7,82,82,7
2021-05-06,16,Thüringen,16071,LK Weimarer Land,3,3,18,16,10,75,75,10
2021-05-07,16,Thüringen,16071,LK Weimarer Land,3,3,18,15,6,77,77,6
2021-05-08,16,Thüringen,16071,LK Weimarer Land,3,3,19,16,6,79,79,6
2021-05-09,16,Thüringen,16071,LK Weimarer Land,3,3,20,17,9,74,74,9
2021-05-10,16,Thüringen,16071,LK Weimarer Land,3,3,19,16,6,79,79,6
2021-05-11,16,Thüringen,16071,LK Weimarer Land,3,3,20,18,4,83,83,4
2021-05-12,16,Thüringen,16071,LK Weimarer Land,3,3,20,18,7,80,80,7
2021-05-13,16,Thüringen,16071,LK Weimarer Land,3,3,18,16,8,77,77,8
2021-05-14,16,Thüringen,16071,LK Weimarer Land,3,3,18,17,10,70,70,10
2021-05-15,16,Thüringen,16071,LK Weimarer Land,3,3,19,18,10,69,69,10
2021-05-16,16,Thüringen,16071,LK Weimarer Land,3,3,17,15,12,65,65,12
2021-05-17,16,Thüringen,16071,LK Weimarer Land,3,3,17,16,14,59,59,14
2021-05-18,16,Thüringen,16071,LK Weimarer Land,3,3,16,15,9,70,70,9
2021-05-19,16,Thüringen,16071,LK Weimarer Land,3,3,15,15,8,75,75,8
2021-05-20,16,Thüringen,16071,LK Weimarer Land,3,3,14,14,9,75,75,9
2021-05-21,16,Thüringen,16071,LK Weimarer Land,3,3,14,13,7,75,75,7
2021-05-22,16,Thüringen,16071,LK Weimarer Land,3,3,13,12,6,78,78,6
2021-05-23,16,Thüringen,16071,LK Weimarer Land,3,3,12,11,13,69,69,13
2021-05-24,16,Thüringen,16071,LK Weimarer Land,3,3,11,10,15,65,65,15
2021-05-25,16,Thüringen,16071,LK Weimarer Land,3,3,10,10,15,64,64,15
2021-05-26,16,Thüringen,16071,LK Weimarer Land,3,3,10,9,9,70,70,9
2021-05-27,16,Thüringen,16071,LK Weimarer Land,3,3,10,9,6,75,75,6
2021-05-28,16,Thüringen,16071,LK Weimarer Land,3,3,10,8,6,76,76,6
2021-05-29,16,Thüringen,16071,LK Weimarer Land,3,3,10,8,8,74,74,8
2021-05-30,16,Thüringen,16071,LK Weimarer Land,3,3,9,7,10,72,72,10
2021-05-31,16,Thüringen,16071,LK Weimarer Land,3,3,9,7,8,69,69,8
2021-06-01,16,Thüringen,16071,LK Weimarer Land,3,3,5,5,7,73,73,7
2021-06-02,16,Thüringen,16071,LK Weimarer Land,3,3,6,6,7,75,75,7
2021-06-03,16,Thüringen,16071,LK Weimarer Land,3,3,5,5,6,76,76,6
2021-06-04,16,Thüringen,16071,LK Weimarer Land,3,3,5,5,5,80,80,5
2021-06-05,16,Thüringen,16071,LK Weimarer Land,3,3,5,5,10,67,67,10
2021-06-06,16,Thüringen,16071,LK Weimarer Land,3,3,5,5,12,63,63,12
2021-06-07,16,Thüringen,16071,LK Weimarer Land,3,3,5,5,12,61,61,12
2021-06-08,16,Thüringen,16071,LK Weimarer Land,3,3,4,4,10,71,71,10
2021-06-09,16,Thüringen,16071,LK Weimarer Land,3,3,4,4,8,72,72,8
2021-06-10,16,Thüringen,16071,LK Weimarer Land,3,3,5,4,7,76,76,7
2021-06-11,16,Thüringen,16071,LK Weimarer Land,3,3,5,4,9,74,74,9
2021-06-12,16,Thüringen,16071,LK Weimarer Land,3,3,5,4,8,76,76,8
2021-06-13,16,Thüringen,16071,LK Weimarer Land,3,3,5,4,12,72,72,12
2021-06-14,16,Thüringen,16071,LK Weimarer Land,3,3,4,4,12,68,68,12
2021-06-15,16,Thüringen,16071,LK Weimarer Land,3,3,4,3,11,69,69,11
2021-06-16,16,Thüringen,16071,LK Weimarer Land,3,3,0,0,10,75,75,10
2021-06-17,16,Thüringen,16071,LK Weimarer Land,3,3,1,1,7,78,78,7
2021-06-18,16,Thüringen,16071,LK Weimarer Land,3,3,1,1,8,79,79,8
2021-06-19,16,Thüringen,16071,LK Weimarer Land,3,3,1,1,8,79,79,8
2021-06-20,16,Thüringen,16071,LK Weimarer Land,3,3,1,1,9,78,78,9
2021-06-21,16,Thüringen,16071,LK Weimarer Land,3,3,1,1,9,71,71,9
2021-06-22,16,Thüringen,16071,LK Weimarer Land,3,3,1,1,7,82,82,7
2021-06-23,16,Thüringen,16071,LK Weimarer Land,3,3,1,1,7,79,79,7
2021-06-24,16,Thüringen,16071,LK Weimarer Land,3,3,0,0,7,80,80,7
2021-06-25,16,Thüringen,16071,LK Weimarer Land,3,3,0,0,10,75,75,10
2021-06-26,16,Thüringen,16071,LK Weimarer Land,3,3,1,0,8,77,77,8
2021-06-27,16,Thüringen,16071,LK Weimarer Land,3,3,1,0,10,75,75,10
2021-06-28,16,Thüringen,16071,LK Weimarer Land,3,3,1,0,10,74,74,10
2021-06-29,16,Thüringen,16071,LK Weimarer Land,3,3,0,0,4,81,81,4
2021-06-30,16,Thüringen,16071,LK Weimarer Land,3,3,0,0,2,83,83,2
2021-07-01,16,Thüringen,16071,LK Weimarer Land,3,3,0,0,2,83,83,2
2021-07-02,16,Thüringen,16071,LK Weimarer Land,3,3,0,0,3,78,78,3
2021-07-03,16,Thüringen,16071,LK Weimarer Land,3,3,0,0,6,74,74,6
2021-07-04,16,Thüringen,16071,LK Weimarer Land,3,3,0,0,4,76,76,4
2021-07-05,16,Thüringen,16071,LK Weimarer Land,3,3,0,0,4,76,76,4
2021-07-06,16,Thüringen,16071,LK Weimarer Land,3,3,0,0,4,76,76,4
2021-07-07,16,Thüringen,16071,LK Weimarer Land,3,3,0,0,5,76,76,5
2021-07-08,16,Thüringen,16071,LK Weimarer Land,3,3,0,0,6,74,74,6
2021-07-09,16,Thüringen,16071,LK Weimarer Land,3,3,0,0,8,73,73,8
2021-07-10,16,Thüringen,16071,LK Weimarer Land,3,3,0,0,5,75,75,5
2021-07-11,16,Thüringen,16071,LK Weimarer Land,3,3,0,0,5,74,74,5
2021-07-12,16,Thüringen,16071,LK Weimarer Land,3,3,0,0,6,73,73,6
2021-07-13,16,Thüringen,16071,LK Weimarer Land,3,3,0,0,3,77,77,3
2021-07-14,16,Thüringen,16071,LK Weimarer Land,3,3,0,0,4,76,76,4
2021-07-15,16,Thüringen,16071,LK Weimarer Land,3,3,0,0,4,79,79,4
2021-07-16,16,Thüringen,16071,LK Weimarer Land,3,3,0,0,6,74,74,6
2021-07-17,16,Thüringen,16071,LK Weimarer Land,3,3,1,1,4,77,77,4
2021-07-18,16,Thüringen,16071,LK Weimarer Land,3,3,1,1,4,75,75,4
2021-07-19,16,Thüringen,16071,LK Weimarer Land,3,3,1,1,12,67,67,12
2021-07-20,16,Thüringen,16071,LK Weimarer Land,3,3,1,1,5,74,74,5
2021-07-21,16,Thüringen,16071,LK Weimarer Land,3,3,1,1,7,74,74,7
2021-07-22,16,Thüringen,16071,LK Weimarer Land,3,3,1,1,8,72,72,8
2021-07-23,16,Thüringen,16071,LK Weimarer Land,3,3,1,1,6,74,74,6
2021-07-24,16,Thüringen,16071,LK Weimarer Land,3,3,1,1,3,79,79,3
2021-07-25,16,Thüringen,16071,LK Weimarer Land,3,3,1,1,4,74,74,4
2021-07-26,16,Thüringen,16071,LK Weimarer Land,3,3,1,1,5,73,73,5
2021-07-27,16,Thüringen,16071,LK Weimarer Land,3,3,1,1,7,73,73,7
2021-07-28,16,Thüringen,16071,LK Weimarer Land,3,3,1,1,7,73,73,7
2021-07-29,16,Thüringen,16071,LK Weimarer Land,3,3,1,1,6,75,75,6
2021-07-30,16,Thüringen,16071,LK Weimarer Land,3,3,1,1,9,69,69,9
2021-07-31,16,Thüringen,16071,LK Weimarer Land,3,3,1,1,6,73,73,6
2021-08-01,16,Thüringen,16071,LK Weimarer Land,3,3,1,1,10,69,69,10
2021-08-02,16,Thüringen,16071,LK Weimarer Land,3,3,1,1,10,67,67,10
2021-08-03,16,Thüringen,16071,LK Weimarer Land,3,3,1,1,6,74,74,6
2021-08-04,16,Thüringen,16071,LK Weimarer Land,3,3,1,1,4,76,76,4
2021-08-05,16,Thüringen,16071,LK Weimarer Land,3,3,0,0,5,75,75,5
2021-08-06,16,Thüringen,16071,LK Weimarer Land,3,3,0,0,3,76,76,3
2021-08-07,16,Thüringen,16071,LK Weimarer Land,3,3,0,0,6,74,74,6
2021-08-08,16,Thüringen,16071,LK Weimarer Land,3,3,0,0,5,74,74,5
2021-08-09,16,Thüringen,16071,LK Weimarer Land,3,3,0,0,3,75,75,3
2021-08-10,16,Thüringen,16071,LK Weimarer Land,3,3,0,0,7,71,71,7
2021-08-11,16,Thüringen,16071,LK Weimarer Land,3,3,0,0,10,68,68,10
2021-08-12,16,Thüringen,16071,LK Weimarer Land,3,3,0,0,10,67,67,10
2021-08-13,16,Thüringen,16071,LK Weimarer Land,3,3,0,0,7,70,70,7
2021-08-14,16,Thüringen,16071,LK Weimarer Land,3,3,0,0,6,71,71,6
2021-08-15,16,Thüringen,16071,LK Weimarer Land,3,3,0,0,8,69,69,8
2021-08-16,16,Thüringen,16071,LK Weimarer Land,3,3,0,0,13,62,62,13
2021-08-17,16,Thüringen,16071,LK Weimarer Land,3,3,0,0,11,64,64,11
2021-08-18,16,Thüringen,16071,LK Weimarer Land,3,3,0,0,11,64,64,11
2021-08-19,16,Thüringen,16071,LK Weimarer Land,3,3,0,0,8,71,71,8
2021-08-20,16,Thüringen,16071,LK Weimarer Land,3,3,0,0,4,75,75,4
2021-08-21,16,Thüringen,16071,LK Weimarer Land,3,3,0,0,4,76,76,4
2021-08-22,16,Thüringen,16071,LK Weimarer Land,3,3,0,0,11,69,69,11
2021-08-23,16,Thüringen,16071,LK Weimarer Land,3,3,0,0,10,67,67,10
2021-08-24,16,Thüringen,16071,LK Weimarer Land,3,3,0,0,7,70,70,7
2021-08-25,16,Thüringen,16071,LK Weimarer Land,3,3,0,0,7,70,70,7
2021-08-26,16,Thüringen,16071,LK Weimarer Land,3,3,0,0,9,70,70,9
2021-08-27,16,Thüringen,16071,LK Weimarer Land,3,3,0,0,9,70,70,9
2021-08-28,16,Thüringen,16071,LK Weimarer Land,3,3,0,0,10,67,67,10
2021-08-29,16,Thüringen,16071,LK Weimarer Land,3,3,0,0,11,66,66,11
2021-08-30,16,Thüringen,16071,LK Weimarer Land,3,3,0,0,12,67,67,12
2021-08-31,16,Thüringen,16071,LK Weimarer Land,3,3,0,0,12,65,65,12
2021-09-01,16,Thüringen,16071,LK Weimarer Land,3,3,0,0,9,70,70,9
2021-09-02,16,Thüringen,16071,LK Weimarer Land,3,3,0,0,10,72,72,10
2021-09-03,16,Thüringen,16071,LK Weimarer Land,3,3,0,0,11,71,71,11
2021-09-04,16,Thüringen,16071,LK Weimarer Land,3,3,0,0,5,72,72,5
2021-09-05,16,Thüringen,16071,LK Weimarer Land,3,3,0,0,10,67,67,10
2021-09-06,16,Thüringen,16071,LK Weimarer Land,3,3,0,0,13,66,66,13
2021-09-07,16,Thüringen,16071,LK Weimarer Land,3,3,0,0,12,67,67,12
2021-09-08,16,Thüringen,16071,LK Weimarer Land,3,3,0,0,9,70,70,9
2021-09-09,16,Thüringen,16071,LK Weimarer Land,3,3,0,0,8,73,73,8
2021-09-10,16,Thüringen,16071,LK Weimarer Land,3,3,0,0,8,73,73,8
2021-09-11,16,Thüringen,16071,LK Weimarer Land,3,3,0,0,5,78,78,5
2021-09-12,16,Thüringen,16071,LK Weimarer Land,3,3,0,0,8,69,69,8
2021-09-13,16,Thüringen,16071,LK Weimarer Land,3,3,0,0,8,68,68,8
2021-09-14,16,Thüringen,16071,LK Weimarer Land,3,3,1,1,8,68,68,8
2021-09-15,16,Thüringen,16071,LK Weimarer Land,3,3,1,1,9,69,69,9
2021-09-16,16,Thüringen,16071,LK Weimarer Land,3,3,1,1,8,70,70,8
2021-09-17,16,Thüringen,16071,LK Weimarer Land,3,3,1,1,6,72,72,6
2021-09-18,16,Thüringen,16071,LK Weimarer Land,3,3,3,1,5,74,74,5
2021-09-19,16,Thüringen,16071,LK Weimarer Land,3,3,3,1,10,69,69,10
2021-09-20,16,Thüringen,16071,LK Weimarer Land,3,3,3,1,7,68,68,7
2021-09-21,16,Thüringen,16071,LK Weimarer Land,3,3,4,1,15,60,60,15
2021-09-22,16,Thüringen,16071,LK Weimarer Land,3,3,4,1,7,68,68,7
2021-09-23,16,Thüringen,16071,LK Weimarer Land,3,3,3,1,3,74,74,3
2021-09-24,16,Thüringen,16071,LK Weimarer Land,3,3,5,2,8,69,69,8
2021-09-25,16,Thüringen,16071,LK Weimarer Land,3,3,4,2,10,65,65,10
2021-09-26,16,Thüringen,16071,LK Weimarer Land,3,3,5,2,18,57,57,18
2021-09-27,16,Thüringen,16071,LK Weimarer Land,3,3,5,4,11,66,66,11
2021-09-28,16,Thüringen,16071,LK Weimarer Land,3,3,5,4,10,63,63,10
2021-09-29,16,Thüringen,16071,LK Weimarer Land,3,3,5,4,10,67,67,10
2021-09-30,16,Thüringen,16071,LK Weimarer Land,3,3,4,4,7,72,72,7
2021-10-01,16,Thüringen,16071,LK Weimarer Land,3,3,4,4,11,68,68,11
2021-10-02,16,Thüringen,16071,LK Weimarer Land,3,3,4,4,8,67,67,8
2021-10-03,16,Thüringen,16071,LK Weimarer Land,3,3,4,4,16,57,57,16
2021-10-04,16,Thüringen,16071,LK Weimarer Land,3,3,4,4,8,69,69,8
2021-10-05,16,Thüringen,16071,LK Weimarer Land,3,3,4,4,7,70,70,7
2021-10-06,16,Thüringen,16071,LK Weimarer Land,3,3,4,4,6,73,73,6
2021-10-07,16,Thüringen,16071,LK Weimarer Land,3,3,4,4,9,72,72,9
2021-10-08,16,Thüringen,16071,LK Weimarer Land,3,3,4,4,10,72,72,10
2021-10-09,16,Thüringen,16071,LK Weimarer Land,3,3,4,4,11,71,71,11
2021-10-10,16,Thüringen,16071,LK Weimarer Land,3,3,4,4,14,63,63,14
2021-10-11,16,Thüringen,16071,LK Weimarer Land,3,3,4,4,13,64,64,13
2021-10-12,16,Thüringen,16071,LK Weimarer Land,3,3,5,4,12,68,68,12
2021-10-13,16,Thüringen,16071,LK Weimarer Land,3,3,6,5,11,73,73,11
2021-10-14,16,Thüringen,16071,LK Weimarer Land,3,3,5,4,10,71,71,10
2021-10-15,16,Thüringen,16071,LK Weimarer Land,3,3,5,4,6,73,73,6
2021-10-16,16,Thüringen,16071,LK Weimarer Land,3,3,5,4,6,74,74,6
2021-10-17,16,Thüringen,16071,LK Weimarer Land,3,3,4,3,11,66,66,11
2021-10-18,16,Thüringen,16071,LK Weimarer Land,3,3,4,3,15,62,62,15
2021-10-19,16,Thüringen,16071,LK Weimarer Land,3,3,3,3,9,74,74,9
2021-10-20,16,Thüringen,16071,LK Weimarer Land,3,3,3,3,8,74,74,8
2021-10-21,16,Thüringen,16071,LK Weimarer Land,3,3,4,3,9,74,74,9
2021-10-22,16,Thüringen,16071,LK Weimarer Land,3,3,4,3,3,77,77,3
2021-10-23,16,Thüringen,16071,LK Weimarer Land,3,3,4,3,6,76,76,6
2021-10-24,16,Thüringen,16071,LK Weimarer Land,3,3,3,3,6,75,75,6
2021-10-25,16,Thüringen,16071,LK Weimarer Land,3,3,3,3,7,70,70,7
2021-10-26,16,Thüringen,16071,LK Weimarer Land,3,3,4,4,4,73,73,4
2021-10-27,16,Thüringen,16071,LK Weimarer Land,3,3,4,4,4,71,71,4
2021-10-28,16,Thüringen,16071,LK Weimarer Land,3,3,7,5,8,70,70,8
2021-10-29,16,Thüringen,16071,LK Weimarer Land,3,3,5,4,8,73,73,8
2021-10-30,16,Thüringen,16071,LK Weimarer Land,3,3,6,5,10,71,71,10
2021-10-31,16,Thüringen,16071,LK Weimarer Land,3,3,7,5,9,68,68,9
2021-11-01,16,Thüringen,16071,LK Weimarer Land,3,3,7,5,11,66,66,11
2021-11-02,16,Thüringen,16071,LK Weimarer Land,3,3,7,5,7,70,70,7
2021-11-03,16,Thüringen,16071,LK Weimarer Land,3,3,7,6,9,70,70,9
2021-11-04,16,Thüringen,16071,LK Weimarer Land,3,3,9,5,9,71,71,9
2021-11-05,16,Thüringen,16071,LK Weimarer Land,3,3,9,7,7,74,74,7
2021-11-06,16,Thüringen,16071,LK Weimarer Land,3,3,10,9,6,73,73,6
2021-11-07,16,Thüringen,16071,LK Weimarer Land,3,3,10,9,6,73,73,6
2021-11-08,16,Thüringen,16071,LK Weimarer Land,3,3,11,9,8,71,71,8
2021-11-09,16,Thüringen,16071,LK Weimarer Land,3,3,11,9,4,82,82,4
2021-11-10,16,Thüringen,16071,LK Weimarer Land,3,3,12,9,8,78,78,8
2021-11-11,16,Thüringen,16071,LK Weimarer Land,3,3,11,9,8,77,77,8
2021-11-12,16,Thüringen,16071,LK Weimarer Land,3,3,9,8,8,77,77,8
2021-11-13,16,Thüringen,16071,LK Weimarer Land,3,3,10,10,6,80,80,6
2021-11-14,16,Thüringen,16071,LK Weimarer Land,3,3,12,11,9,75,75,9
2021-11-15,16,Thüringen,16071,LK Weimarer Land,3,3,11,10,9,74,74,9
2021-11-16,16,Thüringen,16071,LK Weimarer Land,3,3,10,9,5,78,78,5
2021-11-17,16,Thüringen,16071,LK Weimarer Land,3,3,11,9,6,78,78,6
2021-11-18,16,Thüringen,16071,LK Weimarer Land,3,3,13,10,8,79,79,8
2021-11-19,16,Thüringen,16071,LK Weimarer Land,3,3,12,9,6,77,77,6
2021-11-20,16,Thüringen,16071,LK Weimarer Land,3,3,13,9,6,73,73,6
2021-11-21,16,Thüringen,16071,LK Weimarer Land,3,3,12,7,7,68,68,7
2021-11-22,16,Thüringen,16071,LK Weimarer Land,3,3,12,7,13,62,62,13
2021-11-23,16,Thüringen,16071,LK Weimarer Land,3,3,14,8,7,73,73,7
2021-11-24,16,Thüringen,16071,LK Weimarer Land,3,3,11,9,8,72,72,8
2021-11-25,16,Thüringen,16071,LK Weimarer Land,3,3,11,9,10,70,70,10
2021-11-26,16,Thüringen,16071,LK Weimarer Land,3,3,12,9,7,72,72,7
2021-11-27,16,Thüringen,16071,LK Weimarer Land,3,3,14,10,6,73,73,6
2021-11-28,16,Thüringen,16071,LK Weimarer Land,3,3,15,11,9,70,70,9
2021-11-29,16,Thüringen,16071,LK Weimarer Land,3,3,18,13,3,76,76,3
2021-11-30,16,Thüringen,16071,LK Weimarer Land,3,3,18,13,3,76,76,3
2021-12-01,16,Thüringen,16071,LK Weimarer Land,3,3,19,14,5,78,78,5
2021-12-02,16,Thüringen,16071,LK Weimarer Land,3,3,21,16,5,79,79,5
2021-12-03,16,Thüringen,16071,LK Weimarer Land,3,3,22,16,7,77,77,7
2021-12-04,16,Thüringen,16071,LK Weimarer Land,3,3,22,15,5,79,79,5
2021-12-05,16,Thüringen,16071,LK Weimarer Land,3,3,23,17,5,76,76,5
2021-12-06,16,Thüringen,16071,LK Weimarer Land,3,3,22,16,7,74,74,7
2021-12-07,16,Thüringen,16071,LK Weimarer Land,3,3,22,13,3,81,81,3
2021-12-08,16,Thüringen,16071,LK Weimarer Land,3,3,25,13,4,80,80,4
2021-12-09,16,Thüringen,16071,LK Weimarer Land,3,3,24,14,4,80,80,4
2021-12-10,16,Thüringen,16071,LK Weimarer Land,3,3,23,14,7,77,77,7
2021-12-11,16,Thüringen,16071,LK Weimarer Land,3,3,23,14,8,76,76,8
2021-12-12,16,Thüringen,16071,LK Weimarer Land,3,3,21,14,8,70,70,8
2021-12-13,16,Thüringen,16071,LK Weimarer Land,3,3,20,14,7,71,71,7
2021-12-14,16,Thüringen,16071,LK Weimarer Land,3,3,21,14,4,73,73,4
2021-12-15,16,Thüringen,16071,LK Weimarer Land,3,3,20,15,3,72,72,3
2021-12-16,16,Thüringen,16071,LK Weimarer Land,3,3,22,19,1,72,72,1
2021-12-17,16,Thüringen,16071,LK Weimarer Land,3,3,23,18,3,73,73,3
2021-12-18,16,Thüringen,16071,LK Weimarer Land,3,3,26,21,1,75,75,1
2021-12-19,16,Thüringen,16071,LK Weimarer Land,3,3,25,20,4,68,68,4
2021-12-20,16,Thüringen,16071,LK Weimarer Land,3,3,25,19,6,66,66,6
2021-12-21,16,Thüringen,16071,LK Weimarer Land,3,3,26,20,2,75,75,2
2021-12-22,16,Thüringen,16071,LK Weimarer Land,3,3,24,19,4,75,75,4
2021-12-23,16,Thüringen,16071,LK Weimarer Land,3,3,25,19,4,75,75,4
2021-12-24,16,Thüringen,16071,LK Weimarer Land,3,3,26,16,1,78,78,1
2021-12-25,16,Thüringen,16071,LK Weimarer Land,3,3,24,16,6,71,71,6
2021-12-26,16,Thüringen,16071,LK Weimarer Land,3,3,24,15,4,72,72,4
2021-12-27,16,Thüringen,16071,LK Weimarer Land,3,3,24,15,9,67,67,9
2021-12-28,16,Thüringen,16071,LK Weimarer Land,3,3,23,14,4,71,71,4
2021-12-29,16,Thüringen,16071,LK Weimarer Land,3,3,22,14,5,70,70,5
2021-12-30,16,Thüringen,16071,LK Weimarer Land,3,3,20,14,7,71,71,7
2021-12-31,16,Thüringen,16071,LK Weimarer Land,3,3,20,14,4,74,74,4
2022-01-01,16,Thüringen,16071,LK Weimarer Land,3,3,21,14,5,71,71,5
2022-01-02,16,Thüringen,16071,LK Weimarer Land,3,3,21,15,7,69,69,7
2022-01-03,16,Thüringen,16071,LK Weimarer Land,3,3,21,14,7,68,68,7
2022-01-04,16,Thüringen,16071,LK Weimarer Land,3,3,18,12,7,74,74,7
2022-01-05,16,Thüringen,16071,LK Weimarer Land,3,3,18,11,6,75,75,6
2022-01-06,16,Thüringen,16071,LK Weimarer Land,3,3,17,10,7,75,75,7
2022-01-07,16,Thüringen,16071,LK Weimarer Land,3,3,17,10,7,76,76,7
2022-01-08,16,Thüringen,16071,LK Weimarer Land,3,3,17,10,8,75,75,8
2022-01-09,16,Thüringen,16071,LK Weimarer Land,3,3,17,10,7,72,72,7
2022-01-10,16,Thüringen,16071,LK Weimarer Land,3,3,17,9,6,73,73,6
2022-01-11,16,Thüringen,16071,LK Weimarer Land,3,3,15,8,8,71,71,8
2022-01-12,16,Thüringen,16071,LK Weimarer Land,3,3,15,8,8,72,72,8
2022-01-13,16,Thüringen,16071,LK Weimarer Land,3,3,13,8,8,72,72,8
2022-01-14,16,Thüringen,16071,LK Weimarer Land,3,3,13,8,12,68,68,12
2022-01-15,16,Thüringen,16071,LK Weimarer Land,3,3,13,8,8,76,76,8
2022-01-16,16,Thüringen,16071,LK Weimarer Land,3,3,13,8,9,71,71,9
2022-01-17,16,Thüringen,16071,LK Weimarer Land,3,3,13,8,10,70,70,10
2022-01-18,16,Thüringen,16071,LK Weimarer Land,3,3,12,8,10,70,70,10
2022-01-19,16,Thüringen,16071,LK Weimarer Land,3,3,12,8,8,72,72,8
2022-01-20,16,Thüringen,16071,LK Weimarer Land,3,3,13,8,7,75,75,7
2022-01-21,16,Thüringen,16071,LK Weimarer Land,3,3,13,7,9,75,75,9
2022-01-22,16,Thüringen,16071,LK Weimarer Land,3,3,13,7,7,77,77,7
2022-01-23,16,Thüringen,16071,LK Weimarer Land,3,3,13,7,10,74,74,10
2022-01-24,16,Thüringen,16071,LK Weimarer Land,3,3,14,7,7,75,75,7
2022-01-25,16,Thüringen,16071,LK Weimarer Land,3,3,13,8,9,73,73,9
2022-01-26,16,Thüringen,16071,LK Weimarer Land,3,3,13,6,8,75,75,8
2022-01-27,16,Thüringen,16071,LK Weimarer Land,3,3,13,6,6,77,77,6
2022-01-28,16,Thüringen,16071,LK Weimarer Land,3,3,13,6,7,79,79,7
2022-01-29,16,Thüringen,16071,LK Weimarer Land,3,3,12,6,5,80,80,5
2022-01-30,16,Thüringen,16071,LK Weimarer Land,3,3,12,6,11,72,72,11
2022-01-31,16,Thüringen,16071,LK Weimarer Land,3,3,11,4,15,65,65,15
2022-02-01,16,Thüringen,16071,LK Weimarer Land,3,3,11,4,6,73,73,6
2022-02-02,16,Thüringen,16071,LK Weimarer Land,3,3,11,4,6,74,74,6
2022-02-03,16,Thüringen,16071,LK Weimarer Land,3,3,9,5,6,74,74,6
2022-02-04,16,Thüringen,16071,LK Weimarer Land,3,3,10,5,8,72,72,8
2022-02-05,16,Thüringen,16071,LK Weimarer Land,3,3,10,5,1,82,82,1
2022-02-06,16,Thüringen,16071,LK Weimarer Land,3,3,10,6,4,79,79,4
2022-02-07,16,Thüringen,16071,LK Weimarer Land,3,3,9,6,6,77,77,6
2022-02-08,16,Thüringen,16071,LK Weimarer Land,3,3,8,6,7,76,76,7
2022-02-09,16,Thüringen,16071,LK Weimarer Land,3,3,8,6,8,75,75,8
2022-02-10,16,Thüringen,16071,LK Weimarer Land,3,3,8,6,6,76,76,6
2022-02-11,16,Thüringen,16071,LK Weimarer Land,3,3,10,6,5,80,80,5
2022-02-12,16,Thüringen,16071,LK Weimarer Land,3,3,8,4,8,77,77,8
2022-02-13,16,Thüringen,16071,LK Weimarer Land,3,3,8,4,9,74,74,9
2022-02-14,16,Thüringen,16071,LK Weimarer Land,3,3,9,4,8,75,75,8
2022-02-15,16,Thüringen,16071,LK Weimarer Land,3,3,9,5,12,71,71,12
2022-02-16,16,Thüringen,16071,LK Weimarer Land,3,3,7,4,10,73,73,10
2022-02-17,16,Thüringen,16071,LK Weimarer Land,3,3,8,4,9,74,74,9
2022-02-18,16,Thüringen,16071,LK Weimarer Land,3,3,8,4,11,72,72,11
2022-02-19,16,Thüringen,16071,LK Weimarer Land,3,3,9,4,10,73,73,10
2022-02-20,16,Thüringen,16071,LK Weimarer Land,3,3,10,5,14,66,66,14
2022-02-21,16,Thüringen,16071,LK Weimarer Land,3,3,10,5,12,68,68,12
2022-02-22,16,Thüringen,16071,LK Weimarer Land,3,3,10,5,9,71,71,9
2022-02-23,16,Thüringen,16071,LK Weimarer Land,3,3,10,6,8,73,73,8
2022-02-24,16,Thüringen,16071,LK Weimarer Land,3,3,9,6,7,74,74,7
2022-02-25,16,Thüringen,16071,LK Weimarer Land,3,3,10,5,6,75,75,6
2022-02-26,16,Thüringen,16071,LK Weimarer Land,3,3,9,5,7,73,73,7
2022-02-27,16,Thüringen,16071,LK Weimarer Land,3,3,9,5,11,64,64,11
2022-02-28,16,Thüringen,16071,LK Weimarer Land,3,3,9,4,10,65,65,10
2022-03-01,16,Thüringen,16071,LK Weimarer Land,3,3,12,3,2,75,75,2
2022-03-02,16,Thüringen,16071,LK Weimarer Land,3,3,10,3,6,69,69,6
2022-03-03,16,Thüringen,16071,LK Weimarer Land,3,3,11,5,3,74,74,3
2022-03-04,16,Thüringen,16071,LK Weimarer Land,3,3,9,5,4,75,75,4
2022-03-05,16,Thüringen,16071,LK Weimarer Land,3,3,9,5,6,73,73,6
2022-03-06,16,Thüringen,16071,LK Weimarer Land,3,3,9,5,11,68,68,11
2022-03-07,16,Thüringen,16071,LK Weimarer Land,3,3,9,5,15,64,64,15
2022-03-08,16,Thüringen,16071,LK Weimarer Land,3,3,8,4,9,69,69,9
2022-03-09,16,Thüringen,16071,LK Weimarer Land,3,3,7,3,7,74,74,7
2022-03-10,16,Thüringen,16071,LK Weimarer Land,3,3,7,4,8,72,72,8
2022-03-11,16,Thüringen,16071,LK Weimarer Land,3,3,6,3,11,69,69,11
2022-03-12,16,Thüringen,16071,LK Weimarer Land,3,3,8,3,8,71,71,8
2022-03-13,16,Thüringen,16071,LK Weimarer Land,3,3,12,5,5,74,74,5
2022-03-14,16,Thüringen,16071,LK Weimarer Land,3,3,12,5,6,71,71,6
2022-03-15,16,Thüringen,16071,LK Weimarer Land,3,3,13,5,8,68,68,8
2022-03-16,16,Thüringen,16071,LK Weimarer Land,3,3,10,4,11,65,65,11
2022-03-17,16,Thüringen,16071,LK Weimarer Land,3,3,10,4,8,65,65,8
2022-03-18,16,Thüringen,16071,LK Weimarer Land,3,3,10,4,8,65,65,8
2022-03-19,16,Thüringen,16071,LK Weimarer Land,3,3,12,5,5,69,69,5
2022-03-20,16,Thüringen,16071,LK Weimarer Land,3,3,12,5,6,67,67,6
2022-03-21,16,Thüringen,16071,LK Weimarer Land,3,3,11,5,4,71,71,4
2022-03-22,16,Thüringen,16071,LK Weimarer Land,3,3,11,4,6,69,69,6
2022-03-23,16,Thüringen,16071,LK Weimarer Land,3,3,10,4,6,70,70,6
2022-03-24,16,Thüringen,16071,LK Weimarer Land,3,3,10,4,6,65,65,6
2022-03-25,16,Thüringen,16071,LK Weimarer Land,3,3,10,5,2,69,69,2
2022-03-26,16,Thüringen,16071,LK Weimarer Land,3,3,8,4,3,68,68,3
2022-03-27,16,Thüringen,16071,LK Weimarer Land,3,3,8,4,3,68,68,3
2022-03-28,16,Thüringen,16071,LK Weimarer Land,3,3,8,3,4,69,69,4
2022-03-29,16,Thüringen,16071,LK Weimarer Land,3,3,8,3,4,69,69,4
2022-03-30,16,Thüringen,16071,LK Weimarer Land,3,3,8,3,4,71,71,4
2022-03-31,16,Thüringen,16071,LK Weimarer Land,3,3,8,2,2,74,74,2
2022-04-01,16,Thüringen,16071,LK Weimarer Land,3,3,5,1,3,72,72,3
2022-04-02,16,Thüringen,16071,LK Weimarer Land,3,3,6,2,4,70,70,4
2022-04-03,16,Thüringen,16071,LK Weimarer Land,3,3,5,1,11,63,63,11
2022-04-04,16,Thüringen,16071,LK Weimarer Land,3,3,5,0,9,64,64,9
2022-04-05,16,Thüringen,16071,LK Weimarer Land,3,3,7,0,6,72,72,6
2022-04-06,16,Thüringen,16071,LK Weimarer Land,3,3,7,0,9,69,69,9
2022-04-07,16,Thüringen,16071,LK Weimarer Land,3,3,7,0,9,70,70,9
2022-04-08,16,Thüringen,16071,LK Weimarer Land,3,3,6,0,10,69,69,10
2022-04-09,16,Thüringen,16071,LK Weimarer Land,3,3,6,0,6,73,73,6
2022-04-10,16,Thüringen,16071,LK Weimarer Land,3,3,6,0,11,68,68,11
2022-04-11,16,Thüringen,16071,LK Weimarer Land,3,3,6,0,14,63,63,14
2022-04-12,16,Thüringen,16071,LK Weimarer Land,3,3,7,0,8,71,71,8
2022-04-13,16,Thüringen,16071,LK Weimarer Land,3,3,6,0,6,73,73,6
2022-04-14,16,Thüringen,16071,LK Weimarer Land,3,3,5,0,14,65,65,14
2022-04-15,16,Thüringen,16071,LK Weimarer Land,3,3,5,0,11,65,65,11
2022-04-16,16,Thüringen,16071,LK Weimarer Land,3,3,5,0,6,65,65,6
2022-04-17,16,Thüringen,16071,LK Weimarer Land,3,3,5,1,11,60,60,11
2022-04-18,16,Thüringen,16071,LK Weimarer Land,3,3,6,1,14,59,59,14
2022-04-19,16,Thüringen,16071,LK Weimarer Land,3,3,6,2,11,61,61,11
2022-04-20,16,Thüringen,16071,LK Weimarer Land,3,3,6,2,10,65,65,10
2022-04-21,16,Thüringen,16071,LK Weimarer Land,3,3,6,3,10,67,67,10
2022-04-22,16,Thüringen,16071,LK Weimarer Land,3,3,7,2,10,67,67,10
2022-04-23,16,Thüringen,16071,LK Weimarer Land,3,3,6,2,6,71,71,6
2022-04-24,16,Thüringen,16071,LK Weimarer Land,3,3,5,2,9,66,66,9
2022-04-25,16,Thüringen,16071,LK Weimarer Land,3,3,5,2,13,60,60,13
2022-04-26,16,Thüringen,16071,LK Weimarer Land,3,3,3,0,6,67,67,6
2022-04-27,16,Thüringen,16071,LK Weimarer Land,3,3,5,1,10,67,67,10
2022-04-28,16,Thüringen,16071,LK Weimarer Land,3,3,4,1,12,65,65,12
2022-04-29,16,Thüringen,16071,LK Weimarer Land,3,3,5,1,7,70,70,7
2022-04-30,16,Thüringen,16071,LK Weimarer Land,3,3,6,3,2,73,73,2
2022-05-01,16,Thüringen,16071,LK Weimarer Land,3,3,6,2,6,67,67,6
2022-05-02,16,Thüringen,16071,LK Weimarer Land,3,3,6,2,3,72,72,3
2022-05-03,16,Thüringen,16071,LK Weimarer Land,3,3,6,2,5,72,72,5
2022-05-04,16,Thüringen,16071,LK Weimarer Land,3,3,5,2,6,71,71,6
2022-05-05,16,Thüringen,16071,LK Weimarer Land,3,3,4,2,6,71,71,6
2022-05-06,16,Thüringen,16071,LK Weimarer Land,3,3,5,2,6,71,71,6
2022-05-07,16,Thüringen,16071,LK Weimarer Land,3,3,5,1,12,68,68,12
2022-05-08,16,Thüringen,16071,LK Weimarer Land,3,3,5,1,12,67,67,12
2022-05-09,16,Thüringen,16071,LK Weimarer Land,3,3,6,1,10,68,68,10
2022-05-10,16,Thüringen,16071,LK Weimarer Land,3,3,5,0,6,72,72,6
2022-05-11,16,Thüringen,16071,LK Weimarer Land,3,3,6,0,5,73,73,5
2022-05-12,16,Thüringen,16071,LK Weimarer Land,3,3,6,0,4,76,76,4
2022-05-13,16,Thüringen,16071,LK Weimarer Land,3,3,5,0,6,74,74,6
2022-05-14,16,Thüringen,16071,LK Weimarer Land,3,3,4,0,8,72,72,8
2022-05-15,16,Thüringen,16071,LK Weimarer Land,3,3,4,0,8,72,72,8
2022-05-16,16,Thüringen,16071,LK Weimarer Land,3,3,5,0,10,70,70,10
2022-05-17,16,Thüringen,16071,LK Weimarer Land,3,3,3,0,8,68,68,8
2022-05-18,16,Thüringen,16071,LK Weimarer Land,3,3,3,0,7,70,70,7
2022-05-19,16,Thüringen,16071,LK Weimarer Land,3,3,3,0,5,74,74,5
2022-05-20,16,Thüringen,16071,LK Weimarer Land,3,3,2,0,6,73,73,6
2022-05-21,16,Thüringen,16071,LK Weimarer Land,3,3,1,0,4,68,68,4
2022-05-22,16,Thüringen,16071,LK Weimarer Land,3,3,1,0,10,62,62,10
2022-05-23,16,Thüringen,16071,LK Weimarer Land,3,3,1,0,9,61,61,9
2022-05-24,16,Thüringen,16071,LK Weimarer Land,3,3,0,0,11,66,66,11
2022-05-25,16,Thüringen,16071,LK Weimarer Land,3,3,0,0,9,72,72,9
2022-05-26,16,Thüringen,16071,LK Weimarer Land,3,3,0,0,12,67,67,12
2022-05-27,16,Thüringen,16071,LK Weimarer Land,3,3,1,0,12,65,65,12
2022-05-28,16,Thüringen,16071,LK Weimarer Land,3,3,1,0,12,65,65,12
2022-05-29,16,Thüringen,16071,LK Weimarer Land,3,3,1,0,10,67,67,10
2022-05-30,16,Thüringen,16071,LK Weimarer Land,3,3,1,0,12,65,65,12
2022-05-31,16,Thüringen,16071,LK Weimarer Land,3,3,1,0,12,65,65,12
2022-06-01,16,Thüringen,16071,LK Weimarer Land,3,3,1,0,8,71,71,8
2022-06-02,16,Thüringen,16071,LK Weimarer Land,3,3,1,0,10,71,71,10
2022-06-03,16,Thüringen,16071,LK Weimarer Land,3,3,2,0,8,72,72,8
2022-06-04,16,Thüringen,16071,LK Weimarer Land,3,3,1,0,8,70,70,8
2022-06-05,16,Thüringen,16071,LK Weimarer Land,3,3,1,0,14,64,64,14
2022-06-06,16,Thüringen,16071,LK Weimarer Land,3,3,1,0,13,64,64,13
2022-06-07,16,Thüringen,16071,LK Weimarer Land,3,3,0,0,15,62,62,15
2022-06-08,16,Thüringen,16071,LK Weimarer Land,3,3,0,0,9,68,68,9
2022-06-09,16,Thüringen,16071,LK Weimarer Land,3,3,1,0,10,69,69,10
2022-06-10,16,Thüringen,16071,LK Weimarer Land,3,3,0,0,7,69,69,7
2022-06-11,16,Thüringen,16071,LK Weimarer Land,3,3,0,0,9,68,68,9
2022-06-12,16,Thüringen,16071,LK Weimarer Land,3,3,0,0,14,63,63,14
2022-06-13,16,Thüringen,16071,LK Weimarer Land,3,3,0,0,21,56,56,21
2022-06-14,16,Thüringen,16071,LK Weimarer Land,3,3,1,0,10,67,67,10
2022-06-15,16,Thüringen,16071,LK Weimarer Land,3,3,1,0,5,70,70,5
2022-06-16,16,Thüringen,16071,LK Weimarer Land,3,3,0,0,7,68,68,7
2022-06-17,16,Thüringen,16071,LK Weimarer Land,3,3,0,0,5,70,70,5
2022-06-18,16,Thüringen,16071,LK Weimarer Land,3,3,0,0,7,68,68,7
2022-06-19,16,Thüringen,16071,LK Weimarer Land,3,3,0,0,15,56,56,15
2022-06-20,16,Thüringen,16071,LK Weimarer Land,3,3,0,0,20,51,51,20
2022-06-21,16,Thüringen,16071,LK Weimarer Land,3,3,0,0,10,61,61,10
2022-06-22,16,Thüringen,16071,LK Weimarer Land,3,3,0,0,11,60,60,11
2022-06-23,16,Thüringen,16071,LK Weimarer Land,3,3,0,0,9,64,64,9
2022-06-24,16,Thüringen,16071,LK Weimarer Land,3,3,0,0,9,64,64,9
2022-06-25,16,Thüringen,16071,LK Weimarer Land,3,3,0,0,5,68,68,5
2022-06-26,16,Thüringen,16071,LK Weimarer Land,3,3,0,0,6,67,67,6
2022-06-27,16,Thüringen,16071,LK Weimarer Land,3,3,0,0,8,64,64,8
2022-06-28,16,Thüringen,16071,LK Weimarer Land,3,3,0,0,5,63,63,5
2022-06-29,16,Thüringen,16071,LK Weimarer Land,3,3,0,0,9,63,63,9
2022-06-30,16,Thüringen,16071,LK Weimarer Land,3,3,0,0,8,65,65,8
2022-07-01,16,Thüringen,16071,LK Weimarer Land,3,3,0,0,8,65,65,8
2022-07-02,16,Thüringen,16071,LK Weimarer Land,3,3,0,0,9,64,64,9
2022-07-03,16,Thüringen,16071,LK Weimarer Land,3,3,0,0,9,61,61,9
2022-07-04,16,Thüringen,16071,LK Weimarer Land,3,3,0,0,6,62,62,6
2022-07-05,16,Thüringen,16071,LK Weimarer Land,3,3,0,0,5,65,65,5
2022-07-06,16,Thüringen,16071,LK Weimarer Land,3,3,0,0,5,66,66,5
2022-07-07,16,Thüringen,16071,LK Weimarer Land,3,3,0,0,8,63,63,8
2022-07-08,16,Thüringen,16071,LK Weimarer Land,3,3,0,0,3,65,65,3
2022-07-09,16,Thüringen,16071,LK Weimarer Land,3,3,0,0,6,62,62,6
2022-07-10,16,Thüringen,16071,LK Weimarer Land,3,3,0,0,5,62,62,5
2022-07-11,16,Thüringen,16071,LK Weimarer Land,3,3,0,0,8,61,61,8
2022-07-12,16,Thüringen,16071,LK Weimarer Land,3,3,0,0,3,70,70,3
2022-07-13,16,Thüringen,16071,LK Weimarer Land,3,3,2,0,11,64,64,11
2022-07-14,16,Thüringen,16071,LK Weimarer Land,3,3,2,0,9,68,68,9
2022-07-15,16,Thüringen,16071,LK Weimarer Land,3,3,3,0,7,69,69,7
2022-07-16,16,Thüringen,16071,LK Weimarer Land,3,3,3,0,3,68,68,3
2022-07-17,16,Thüringen,16071,LK Weimarer Land,3,3,3,0,6,63,63,6
2022-07-18,16,Thüringen,16071,LK Weimarer Land,3,3,4,1,5,66,66,5
2022-07-19,16,Thüringen,16071,LK Weimarer Land,3,3,3,1,6,69,69,6
2022-07-20,16,Thüringen,16071,LK Weimarer Land,3,3,3,1,3,72,72,3
2022-07-21,16,Thüringen,16071,LK Weimarer Land,3,3,2,0,7,69,69,7
2022-07-22,16,Thüringen,16071,LK Weimarer Land,3,3,2,0,7,68,68,7
2022-07-23,16,Thüringen,16071,LK Weimarer Land,3,3,1,0,8,67,67,8
2022-07-24,16,Thüringen,16071,LK Weimarer Land,3,3,1,0,8,67,67,8
2022-07-25,16,Thüringen,16071,LK Weimarer Land,3,3,2,1,8,67,67,8
2022-07-26,16,Thüringen,16071,LK Weimarer Land,3,3,4,1,9,66,66,9
2022-07-27,16,Thüringen,16071,LK Weimarer Land,3,3,4,1,9,68,68,9
2022-07-28,16,Thüringen,16071,LK Weimarer Land,3,3,3,1,9,68,68,9
2022-07-29,16,Thüringen,16071,LK Weimarer Land,3,3,2,1,13,62,62,13
2022-07-30,16,Thüringen,16071,LK Weimarer Land,3,3,2,1,9,66,66,9
2022-07-31,16,Thüringen,16071,LK Weimarer Land,3,3,2,1,12,60,60,12
2022-08-01,16,Thüringen,16071,LK Weimarer Land,3,3,4,1,6,65,65,6
2022-08-02,16,Thüringen,16071,LK Weimarer Land,3,3,5,1,5,70,70,5
2022-08-03,16,Thüringen,16071,LK Weimarer Land,3,3,5,1,10,67,67,10
2022-08-04,16,Thüringen,16071,LK Weimarer Land,3,3,6,1,9,68,68,9
2022-08-05,16,Thüringen,16071,LK Weimarer Land,3,3,5,1,9,68,68,9
2022-08-06,16,Thüringen,16071,LK Weimarer Land,3,3,6,1,5,69,69,5
2022-08-07,16,Thüringen,16071,LK Weimarer Land,3,3,4,1,9,63,63,9
2022-08-08,16,Thüringen,16071,LK Weimarer Land,3,3,4,1,8,64,64,8
2022-08-09,16,Thüringen,16071,LK Weimarer Land,3,3,4,1,6,67,67,6
2022-08-10,16,Thüringen,16071,LK Weimarer Land,3,3,4,0,3,68,68,3
2022-08-11,16,Thüringen,16071,LK Weimarer Land,3,3,2,0,6,66,66,6
2022-08-12,16,Thüringen,16071,LK Weimarer Land,3,3,2,0,5,66,66,5
2022-08-13,16,Thüringen,16071,LK Weimarer Land,3,3,2,0,6,67,67,6
2022-08-14,16,Thüringen,16071,LK Weimarer Land,3,3,2,0,12,59,59,12
2022-08-15,16,Thüringen,16071,LK Weimarer Land,3,3,1,0,11,60,60,11
2022-08-16,16,Thüringen,16071,LK Weimarer Land,3,3,1,0,6,71,71,6
2022-08-17,16,Thüringen,16071,LK Weimarer Land,3,3,1,0,7,70,70,7
2022-08-18,16,Thüringen,16071,LK Weimarer Land,3,3,1,0,9,68,68,9
2022-08-19,16,Thüringen,16071,LK Weimarer Land,3,3,2,0,8,69,69,8
2022-08-20,16,Thüringen,16071,LK Weimarer Land,3,3,0,0,10,67,67,10
2022-08-21,16,Thüringen,16071,LK Weimarer Land,3,3,0,0,16,61,61,16
2022-08-22,16,Thüringen,16071,LK Weimarer Land,3,3,2,0,13,62,62,13
2022-08-23,16,Thüringen,16071,LK Weimarer Land,3,3,3,1,8,67,67,8
2022-08-24,16,Thüringen,16071,LK Weimarer Land,3,3,2,1,8,68,68,8
2022-08-25,16,Thüringen,16071,LK Weimarer Land,3,3,2,1,10,65,65,10
2022-08-26,16,Thüringen,16071,LK Weimarer Land,3,3,2,1,5,72,72,5
2022-08-27,16,Thüringen,16071,LK Weimarer Land,3,3,3,1,7,68,68,7
2022-08-28,16,Thüringen,16071,LK Weimarer Land,3,3,2,1,16,59,59,16
2022-08-29,16,Thüringen,16071,LK Weimarer Land,3,3,1,1,17,60,60,17
2022-08-30,16,Thüringen,16071,LK Weimarer Land,3,3,1,1,9,68,68,9
2022-08-31,16,Thüringen,16071,LK Weimarer Land,3,3,1,1,10,67,67,10
2022-09-01,16,Thüringen,16071,LK Weimarer Land,3,3,1,1,7,72,72,7
2022-09-02,16,Thüringen,16071,LK Weimarer Land,3,3,1,1,9,68,68,9
2022-09-03,16,Thüringen,16071,LK Weimarer Land,3,3,1,1,10,67,67,10
2022-09-04,16,Thüringen,16071,LK Weimarer Land,3,3,1,1,16,61,61,16
2022-09-05,16,Thüringen,16071,LK Weimarer Land,3,3,1,1,18,59,59,18
2022-09-06,16,Thüringen,16071,LK Weimarer Land,3,3,1,1,13,64,64,13
2022-09-07,16,Thüringen,16071,LK Weimarer Land,3,3,1,1,10,67,67,10
2022-09-08,16,Thüringen,16071,LK Weimarer Land,3,3,1,1,6,69,69,6
2022-09-09,16,Thüringen,16071,LK Weimarer Land,3,3,1,1,7,68,68,7
2022-09-10,16,Thüringen,16071,LK Weimarer Land,3,3,1,1,7,68,68,7
2022-09-11,16,Thüringen,16071,LK Weimarer Land,3,3,1,1,15,60,60,15
2022-09-12,16,Thüringen,16071,LK Weimarer Land,3,3,1,1,16,59,59,16
2022-09-13,16,Thüringen,16071,LK Weimarer Land,3,3,1,1,7,68,68,7
2022-09-14,16,Thüringen,16071,LK Weimarer Land,3,3,2,1,6,71,71,6
2022-09-15,16,Thüringen,16071,LK Weimarer Land,3,3,1,1,7,70,70,7
2022-09-16,16,Thüringen,16071,LK Weimarer Land,3,3,1,1,5,72,72,5
2022-09-17,16,Thüringen,16071,LK Weimarer Land,3,3,1,1,7,70,70,7
2022-09-18,16,Thüringen,16071,LK Weimarer Land,3,3,1,1,8,66,66,8
2022-09-19,16,Thüringen,16071,LK Weimarer Land,3,3,2,1,16,58,58,16
2022-09-20,16,Thüringen,16071,LK Weimarer Land,3,3,3,2,11,62,62,11
2022-09-21,16,Thüringen,16071,LK Weimarer Land,3,3,3,2,17,56,56,17
2022-09-22,16,Thüringen,16071,LK Weimarer Land,3,3,3,0,12,61,61,12
2022-09-23,16,Thüringen,16071,LK Weimarer Land,3,3,2,0,7,70,70,7
2022-09-24,16,Thüringen,16071,LK Weimarer Land,3,3,1,0,5,74,74,5
2022-09-25,16,Thüringen,16071,LK Weimarer Land,3,3,1,0,12,67,67,12
2022-09-26,16,Thüringen,16071,LK Weimarer Land,3,3,1,0,21,58,58,21
2022-09-27,16,Thüringen,16071,LK Weimarer Land,3,3,1,0,10,69,69,10
2022-09-28,16,Thüringen,16071,LK Weimarer Land,3,3,1,0,10,69,69,10
2022-09-29,16,Thüringen,16071,LK Weimarer Land,3,3,0,0,11,68,68,11
2022-09-30,16,Thüringen,16071,LK Weimarer Land,3,3,0,0,8,71,71,8
2022-10-01,16,Thüringen,16071,LK Weimarer Land,3,3,1,0,6,73,73,6
2022-10-02,16,Thüringen,16071,LK Weimarer Land,3,3,1,0,14,63,63,14
2022-10-03,16,Thüringen,16071,LK Weimarer Land,3,3,3,0,17,62,62,17
2022-10-04,16,Thüringen,16071,LK Weimarer Land,3,3,3,0,11,66,66,11
2022-10-05,16,Thüringen,16071,LK Weimarer Land,3,3,6,0,6,73,73,6
2022-10-06,16,Thüringen,16071,LK Weimarer Land,3,3,7,0,6,73,73,6
2022-10-07,16,Thüringen,16071,LK Weimarer Land,3,3,5,1,3,77,77,3
2022-10-08,16,Thüringen,16071,LK Weimarer Land,3,3,5,1,5,73,73,5
2022-10-09,16,Thüringen,16071,LK Weimarer Land,3,3,6,1,4,68,68,4
2022-10-10,16,Thüringen,16071,LK Weimarer Land,3,3,9,1,9,65,65,9
2022-10-11,16,Thüringen,16071,LK Weimarer Land,3,3,9,1,4,76,76,4
2022-10-12,16,Thüringen,16071,LK Weimarer Land,3,3,8,1,4,76,76,4
2022-10-13,16,Thüringen,16071,LK Weimarer Land,3,3,8,1,7,72,72,7
2022-10-14,16,Thüringen,16071,LK Weimarer Land,3,3,7,2,8,71,71,8
2022-10-15,16,Thüringen,16071,LK Weimarer Land,3,3,6,2,13,66,66,13
2022-10-16,16,Thüringen,16071,LK Weimarer Land,3,3,5,2,16,61,61,16
2022-10-17,16,Thüringen,16071,LK Weimarer Land,3,3,3,2,14,59,59,14
2022-10-18,16,Thüringen,16071,LK Weimarer Land,3,3,7,0,16,57,57,16
2022-10-19,16,Thüringen,16071,LK Weimarer Land,3,3,6,0,8,68,68,8
2022-10-20,16,Thüringen,16071,LK Weimarer Land,3,3,7,0,9,64,64,9
2022-10-21,16,Thüringen,16071,LK Weimarer Land,3,3,8,0,7,66,66,7
2022-10-22,16,Thüringen,16071,LK Weimarer Land,3,3,7,0,3,74,74,3
2022-10-23,16,Thüringen,16071,LK Weimarer Land,3,3,5,0,5,66,66,5
2022-10-24,16,Thüringen,16071,LK Weimarer Land,3,3,5,0,10,61,61,10
2022-10-25,16,Thüringen,16071,LK Weimarer Land,3,3,6,1,5,68,68,5
2022-10-26,16,Thüringen,16071,LK Weimarer Land,3,3,4,1,5,72,72,5
2022-10-27,16,Thüringen,16071,LK Weimarer Land,3,3,1,1,4,73,73,4
2022-10-28,16,Thüringen,16071,LK Weimarer Land,3,3,1,1,10,67,67,10
2022-10-29,16,Thüringen,16071,LK Weimarer Land,3,3,0,0,6,72,72,6
2022-10-30,16,Thüringen,16071,LK Weimarer Land,3,3,0,0,8,65,65,8
2022-10-31,16,Thüringen,16071,LK Weimarer Land,3,3,0,0,7,66,66,7
2022-11-01,16,Thüringen,16071,LK Weimarer Land,3,3,0,0,5,72,72,5
2022-11-02,16,Thüringen,16071,LK Weimarer Land,3,3,0,0,8,67,67,8
2022-11-03,16,Thüringen,16071,LK Weimarer Land,3,3,0,0,6,72,72,6
2022-11-04,16,Thüringen,16071,LK Weimarer Land,3,3,0,0,7,71,71,7
2022-11-05,16,Thüringen,16071,LK Weimarer Land,3,3,1,0,6,71,71,6
2022-11-06,16,Thüringen,16071,LK Weimarer Land,3,3,2,1,7,68,68,7
2022-11-07,16,Thüringen,16071,LK Weimarer Land,3,3,2,0,9,66,66,9
2022-11-08,16,Thüringen,16071,LK Weimarer Land,3,3,3,0,3,74,74,3
2022-11-09,16,Thüringen,16071,LK Weimarer Land,3,3,2,0,5,72,72,5
2022-11-10,16,Thüringen,16071,LK Weimarer Land,3,3,3,0,3,74,74,3
2022-11-11,16,Thüringen,16071,LK Weimarer Land,3,3,1,1,2,77,77,2
2022-11-12,16,Thüringen,16071,LK Weimarer Land,3,3,1,1,7,70,70,7
2022-11-13,16,Thüringen,16071,LK Weimarer Land,3,3,1,1,9,68,68,9
2022-11-14,16,Thüringen,16071,LK Weimarer Land,3,3,1,1,12,65,65,12
2022-11-15,16,Thüringen,16071,LK Weimarer Land,3,3,2,1,7,70,70,7
2022-11-16,16,Thüringen,16071,LK Weimarer Land,3,3,3,1,7,75,75,7
2022-11-17,16,Thüringen,16071,LK Weimarer Land,3,3,2,0,8,70,70,8
2022-11-18,16,Thüringen,16071,LK Weimarer Land,3,3,3,0,7,74,74,7
2022-11-19,16,Thüringen,16071,LK Weimarer Land,3,3,0,0,9,74,74,9
2022-11-20,16,Thüringen,16071,LK Weimarer Land,3,3,0,0,14,69,69,14
2022-11-21,16,Thüringen,16071,LK Weimarer Land,3,3,0,0,20,63,63,20
2022-11-22,16,Thüringen,16071,LK Weimarer Land,3,3,0,0,17,66,66,17
2022-11-23,16,Thüringen,16071,LK Weimarer Land,3,3,1,0,11,72,72,11
2022-11-24,16,Thüringen,16071,LK Weimarer Land,3,3,0,0,11,72,72,11
2022-11-25,16,Thüringen,16071,LK Weimarer Land,3,3,0,0,8,75,75,8
2022-11-26,16,Thüringen,16071,LK Weimarer Land,3,3,1,0,6,75,75,6
2022-11-27,16,Thüringen,16071,LK Weimarer Land,3,3,1,0,6,74,74,6
2022-11-28,16,Thüringen,16071,LK Weimarer Land,3,3,1,0,7,75,75,7
2022-11-29,16,Thüringen,16071,LK Weimarer Land,3,3,1,0,14,68,68,14
2022-11-30,16,Thüringen,16071,LK Weimarer Land,3,3,1,0,18,66,66,18
2022-12-01,16,Thüringen,16071,LK Weimarer Land,3,3,0,0,14,69,69,14
2022-12-02,16,Thüringen,16071,LK Weimarer Land,3,3,0,0,17,66,66,17
2022-12-03,16,Thüringen,16071,LK Weimarer Land,3,3,1,0,10,65,65,10
2022-12-04,16,Thüringen,16071,LK Weimarer Land,3,3,1,0,8,67,67,8
2022-12-05,16,Thüringen,16071,LK Weimarer Land,3,3,0,0,6,67,67,6
2022-12-06,16,Thüringen,16071,LK Weimarer Land,3,3,0,0,5,68,68,5
2022-12-07,16,Thüringen,16071,LK Weimarer Land,3,3,0,0,12,63,63,12
2022-12-08,16,Thüringen,16071,LK Weimarer Land,3,3,0,0,15,58,58,15
2022-12-09,16,Thüringen,16071,LK Weimarer Land,3,3,0,0,7,68,68,7
2022-12-10,16,Thüringen,16071,LK Weimarer Land,3,3,0,0,8,65,65,8
2022-12-11,16,Thüringen,16071,LK Weimarer Land,3,3,0,0,10,61,61,10
2022-12-12,16,Thüringen,16071,LK Weimarer Land,3,3,0,0,13,58,58,13
2022-12-13,16,Thüringen,16071,LK Weimarer Land,3,3,0,0,5,66,66,5
2022-12-14,16,Thüringen,16071,LK Weimarer Land,3,3,2,0,11,60,60,11
2022-12-15,16,Thüringen,16071,LK Weimarer Land,3,3,1,0,12,63,63,12
2022-12-16,16,Thüringen,16071,LK Weimarer Land,3,3,2,0,7,68,68,7
2022-12-17,16,Thüringen,16071,LK Weimarer Land,3,3,2,0,9,64,64,9
2022-12-18,16,Thüringen,16071,LK Weimarer Land,3,3,2,0,11,62,62,11
2022-12-19,16,Thüringen,16071,LK Weimarer Land,3,3,4,1,8,65,65,8
2022-12-20,16,Thüringen,16071,LK Weimarer Land,3,3,4,1,13,60,60,13
2022-12-21,16,Thüringen,16071,LK Weimarer Land,3,3,4,0,12,63,63,12
2022-12-22,16,Thüringen,16071,LK Weimarer Land,3,3,4,2,7,67,67,7
2022-12-23,16,Thüringen,16071,LK Weimarer Land,3,3,4,2,7,67,67,7
2022-12-24,16,Thüringen,16071,LK Weimarer Land,3,3,2,1,6,69,69,6
2022-12-25,16,Thüringen,16071,LK Weimarer Land,3,3,2,1,14,61,61,14
2022-12-26,16,Thüringen,16071,LK Weimarer Land,3,3,2,1,14,61,61,14
2022-12-27,16,Thüringen,16071,LK Weimarer Land,3,3,2,1,9,64,64,9
2022-12-28,16,Thüringen,16071,LK Weimarer Land,3,3,2,1,11,62,62,11
2022-12-29,16,Thüringen,16071,LK Weimarer Land,3,3,1,1,9,64,64,9
2022-12-30,16,Thüringen,16071,LK Weimarer Land,3,3,3,1,9,64,64,9
2022-12-31,16,Thüringen,16071,LK Weimarer Land,3,3,3,1,9,62,62,9
2023-01-01,16,Thüringen,16071,LK Weimarer Land,3,3,4,1,7,64,64,7
2023-01-02,16,Thüringen,16071,LK Weimarer Land,3,3,3,2,8,63,63,8
2023-01-03,16,Thüringen,16071,LK Weimarer Land,3,3,3,1,5,66,66,5
2023-01-04,16,Thüringen,16071,LK Weimarer Land,3,3,3,1,6,69,69,6
2023-01-05,16,Thüringen,16071,LK Weimarer Land,3,3,3,1,5,73,73,5
2023-01-06,16,Thüringen,16071,LK Weimarer Land,3,3,4,1,5,75,75,5
2023-01-07,16,Thüringen,16071,LK Weimarer Land,3,3,6,2,4,78,78,4
2023-01-08,16,Thüringen,16071,LK Weimarer Land,3,3,5,1,8,72,72,8
2023-01-09,16,Thüringen,16071,LK Weimarer Land,3,3,3,2,10,70,70,10
2023-01-10,16,Thüringen,16071,LK Weimarer Land,3,3,4,2,6,79,79,6
2023-01-11,16,Thüringen,16071,LK Weimarer Land,3,3,5,2,5,80,80,5
2023-01-12,16,Thüringen,16071,LK Weimarer Land,3,3,4,2,6,79,79,6
2023-01-13,16,Thüringen,16071,LK Weimarer Land,3,3,3,1,7,77,77,7
2023-01-14,16,Thüringen,16071,LK Weimarer Land,3,3,3,1,5,74,74,5
2023-01-15,16,Thüringen,16071,LK Weimarer Land,3,3,1,1,9,66,66,9
2023-01-16,16,Thüringen,16071,LK Weimarer Land,3,3,1,1,12,65,65,12
2023-01-17,16,Thüringen,16071,LK Weimarer Land,3,3,3,1,9,71,71,9
2023-01-18,16,Thüringen,16071,LK Weimarer Land,3,3,3,1,6,75,75,6
2023-01-19,16,Thüringen,16071,LK Weimarer Land,3,3,1,1,6,77,77,6
2023-01-20,16,Thüringen,16071,LK Weimarer Land,3,3,3,1,8,72,72,8
2023-01-21,16,Thüringen,16071,LK Weimarer Land,3,3,3,1,8,70,70,8
2023-01-22,16,Thüringen,16071,LK Weimarer Land,3,3,3,1,5,72,72,5
2023-01-23,16,Thüringen,16071,LK Weimarer Land,3,3,1,1,15,62,62,15
2023-01-24,16,Thüringen,16071,LK Weimarer Land,3,3,1,1,7,72,72,7
2023-01-25,16,Thüringen,16071,LK Weimarer Land,3,3,1,1,8,73,73,8
2023-01-26,16,Thüringen,16071,LK Weimarer Land,3,3,1,1,10,71,71,10
2023-01-27,16,Thüringen,16071,LK Weimarer Land,3,3,1,1,5,77,77,5
2023-01-28,16,Thüringen,16071,LK Weimarer Land,3,3,1,1,3,73,73,3
2023-01-29,16,Thüringen,16071,LK Weimarer Land,3,3,1,1,6,70,70,6
2023-01-30,16,Thüringen,16071,LK Weimarer Land,3,3,1,1,11,65,65,11
2023-01-31,16,Thüringen,16071,LK Weimarer Land,3,3,1,1,8,73,73,8
2023-02-01,16,Thüringen,16071,LK Weimarer Land,3,3,0,0,7,74,74,7
2023-02-02,16,Thüringen,16071,LK Weimarer Land,3,3,0,0,4,77,77,4
2023-02-03,16,Thüringen,16071,LK Weimarer Land,3,3,1,0,4,78,78,4
2023-02-04,16,Thüringen,16071,LK Weimarer Land,3,3,1,0,8,69,69,8
2023-02-05,16,Thüringen,16071,LK Weimarer Land,3,3,2,0,14,63,63,14
2023-02-06,16,Thüringen,16071,LK Weimarer Land,3,3,1,0,18,61,61,18
2023-02-07,16,Thüringen,16071,LK Weimarer Land,3,3,1,0,15,64,64,15
2023-02-08,16,Thüringen,16071,LK Weimarer Land,3,3,0,0,12,66,66,12
2023-02-09,16,Thüringen,16071,LK Weimarer Land,3,3,0,0,8,70,70,8
2023-02-10,16,Thüringen,16071,LK Weimarer Land,3,3,0,0,5,78,78,5
2023-02-11,16,Thüringen,16071,LK Weimarer Land,3,3,0,0,4,77,77,4
2023-02-12,16,Thüringen,16071,LK Weimarer Land,3,3,0,0,10,71,71,10
2023-02-13,16,Thüringen,16071,LK Weimarer Land,3,3,1,0,18,63,63,18
2023-02-14,16,Thüringen,16071,LK Weimarer Land,3,3,2,0,12,69,69,12
2023-02-15,16,Thüringen,16071,LK Weimarer Land,3,3,2,0,9,72,72,9
2023-02-16,16,Thüringen,16071,LK Weimarer Land,3,3,1,0,12,69,69,12
2023-02-17,16,Thüringen,16071,LK Weimarer Land,3,3,2,0,10,71,71,10
2023-02-18,16,Thüringen,16071,LK Weimarer Land,3,3,1,0,6,75,75,6
2023-02-19,16,Thüringen,16071,LK Weimarer Land,3,3,1,0,10,71,71,10
2023-02-20,16,Thüringen,16071,LK Weimarer Land,3,3,1,0,8,72,72,8
2023-02-21,16,Thüringen,16071,LK Weimarer Land,3,3,0,0,8,79,79,8
2023-02-22,16,Thüringen,16071,LK Weimarer Land,3,3,0,0,10,77,77,10
2023-02-23,16,Thüringen,16071,LK Weimarer Land,3,3,0,0,7,78,78,7
2023-02-24,16,Thüringen,16071,LK Weimarer Land,3,3,1,0,11,74,74,11
2023-02-25,16,Thüringen,16071,LK Weimarer Land,3,3,1,0,9,71,71,9
2023-02-26,16,Thüringen,16071,LK Weimarer Land,3,3,2,0,13,67,67,13
2023-02-27,16,Thüringen,16071,LK Weimarer Land,3,3,3,0,12,68,68,12
2023-02-28,16,Thüringen,16071,LK Weimarer Land,3,3,4,0,6,77,77,6
2023-03-01,16,Thüringen,16071,LK Weimarer Land,3,3,4,0,8,76,76,8
2023-03-02,16,Thüringen,16071,LK Weimarer Land,3,3,3,0,10,75,75,10
2023-03-03,16,Thüringen,16071,LK Weimarer Land,3,3,3,0,10,75,75,10
2023-03-04,16,Thüringen,16071,LK Weimarer Land,3,3,2,0,7,75,75,7
2023-03-05,16,Thüringen,16071,LK Weimarer Land,3,3,3,0,8,73,73,8
2023-03-06,16,Thüringen,16071,LK Weimarer Land,3,3,2,0,13,70,70,13
2023-03-07,16,Thüringen,16071,LK Weimarer Land,3,3,3,0,15,68,68,15
2023-03-08,16,Thüringen,16071,LK Weimarer Land,3,3,3,0,10,73,73,10
2023-03-09,16,Thüringen,16071,LK Weimarer Land,3,3,3,0,6,77,77,6
2023-03-10,16,Thüringen,16071,LK Weimarer Land,3,3,3,0,6,78,78,6
2023-03-11,16,Thüringen,16071,LK Weimarer Land,3,3,2,0,6,79,79,6
2023-03-12,16,Thüringen,16071,LK Weimarer Land,3,3,2,0,11,74,74,11
2023-03-13,16,Thüringen,16071,LK Weimarer Land,3,3,2,0,12,73,73,12
2023-03-14,16,Thüringen,16071,LK Weimarer Land,3,3,1,0,9,71,71,9
2023-03-15,16,Thüringen,16071,LK Weimarer Land,3,3,1,0,10,70,70,10
2023-03-16,16,Thüringen,16071,LK Weimarer Land,3,3,1,0,12,68,68,12
2023-03-17,16,Thüringen,16071,LK Weimarer Land,3,3,1,0,11,69,69,11
2023-03-18,16,Thüringen,16071,LK Weimarer Land,3,3,2,1,6,72,72,6
2023-03-19,16,Thüringen,16071,LK Weimarer Land,3,3,2,0,11,60,60,11
2023-03-20,16,Thüringen,16071,LK Weimarer Land,3,3,2,0,19,60,60,19
2023-03-21,16,Thüringen,16071,LK Weimarer Land,3,3,2,0,13,66,66,13
2023-03-22,16,Thüringen,16071,LK Weimarer Land,3,3,2,0,10,69,69,10
2023-03-23,16,Thüringen,16071,LK Weimarer Land,3,3,0,NA,9,70,70,9
2023-03-24,16,Thüringen,16071,LK Weimarer Land,3,3,1,NA,10,69,69,10
2023-03-25,16,Thüringen,16071,LK Weimarer Land,3,3,2,NA,4,75,75,4
2023-03-26,16,Thüringen,16071,LK Weimarer Land,3,3,2,NA,14,65,65,14
2023-03-27,16,Thüringen,16071,LK Weimarer Land,3,3,2,NA,18,59,59,18
2023-03-28,16,Thüringen,16071,LK Weimarer Land,3,3,2,NA,11,63,63,11
2023-03-29,16,Thüringen,16071,LK Weimarer Land,3,3,3,1,7,70,70,7
2023-03-30,16,Thüringen,16071,LK Weimarer Land,3,3,3,1,10,67,67,10
2023-03-31,16,Thüringen,16071,LK Weimarer Land,3,3,3,1,7,70,70,7
2023-04-01,16,Thüringen,16071,LK Weimarer Land,3,3,3,1,7,70,70,7
2023-04-02,16,Thüringen,16071,LK Weimarer Land,3,3,2,1,9,66,66,9
2023-04-03,16,Thüringen,16071,LK Weimarer Land,3,3,2,1,9,64,64,9
2023-04-04,16,Thüringen,16071,LK Weimarer Land,3,3,2,1,6,71,71,6
2023-04-05,16,Thüringen,16071,LK Weimarer Land,3,3,2,1,6,73,73,6
2023-04-06,16,Thüringen,16071,LK Weimarer Land,3,3,3,NA,6,73,73,6
2023-04-07,16,Thüringen,16071,LK Weimarer Land,3,3,2,NA,8,71,71,8
2023-04-08,16,Thüringen,16071,LK Weimarer Land,3,3,3,NA,8,69,69,8
2023-04-09,16,Thüringen,16071,LK Weimarer Land,3,3,3,NA,7,70,70,7
2023-04-10,16,Thüringen,16071,LK Weimarer Land,3,3,3,NA,18,59,59,18
2023-04-11,16,Thüringen,16071,LK Weimarer Land,3,3,3,1,13,64,64,13
2023-04-12,16,Thüringen,16071,LK Weimarer Land,3,3,3,1,15,64,64,15
2023-04-13,16,Thüringen,16071,LK Weimarer Land,3,3,1,1,10,69,69,10
2023-04-14,16,Thüringen,16071,LK Weimarer Land,3,3,3,1,7,75,75,7
2023-04-15,16,Thüringen,16071,LK Weimarer Land,3,3,3,1,7,75,75,7
2023-04-16,16,Thüringen,16071,LK Weimarer Land,3,3,2,1,11,64,64,11
2023-04-17,16,Thüringen,16071,LK Weimarer Land,3,3,2,1,10,63,63,10
2023-04-18,16,Thüringen,16071,LK Weimarer Land,3,3,1,NA,11,68,68,11
2023-04-19,16,Thüringen,16071,LK Weimarer Land,3,3,2,1,8,72,72,8
2023-04-20,16,Thüringen,16071,LK Weimarer Land,3,3,0,NA,7,73,73,7
2023-04-21,16,Thüringen,16071,LK Weimarer Land,3,3,0,NA,11,67,67,11
2023-04-22,16,Thüringen,16071,LK Weimarer Land,3,3,0,NA,9,69,69,9
2023-04-23,16,Thüringen,16071,LK Weimarer Land,3,3,0,NA,8,65,65,8
2023-04-24,16,Thüringen,16071,LK Weimarer Land,3,3,0,NA,14,59,59,14
2023-04-25,16,Thüringen,16071,LK Weimarer Land,3,3,0,NA,9,66,66,9
2023-04-26,16,Thüringen,16071,LK Weimarer Land,3,3,0,NA,10,65,65,10
2023-04-27,16,Thüringen,16071,LK Weimarer Land,3,3,0,NA,6,74,74,6
2023-04-28,16,Thüringen,16071,LK Weimarer Land,3,3,0,NA,10,70,70,10
2023-04-29,16,Thüringen,16071,LK Weimarer Land,3,3,0,NA,9,71,71,9
2023-04-30,16,Thüringen,16071,LK Weimarer Land,3,3,1,NA,12,68,68,12
2023-05-01,16,Thüringen,16071,LK Weimarer Land,3,3,1,NA,15,65,65,15
2023-05-02,16,Thüringen,16071,LK Weimarer Land,3,3,0,NA,17,63,63,17
2023-05-03,16,Thüringen,16071,LK Weimarer Land,3,3,0,NA,23,57,57,23
2023-05-04,16,Thüringen,16071,LK Weimarer Land,3,3,0,NA,17,63,63,17
2023-05-05,16,Thüringen,16071,LK Weimarer Land,3,3,0,NA,22,58,58,22
2023-05-06,16,Thüringen,16071,LK Weimarer Land,3,3,1,0,14,66,66,14
2023-05-07,16,Thüringen,16071,LK Weimarer Land,3,3,1,0,25,55,55,25
2023-05-08,16,Thüringen,16071,LK Weimarer Land,3,3,1,0,27,53,53,27
2023-05-09,16,Thüringen,16071,LK Weimarer Land,3,3,1,0,8,69,69,8
2023-05-10,16,Thüringen,16071,LK Weimarer Land,3,3,0,NA,7,70,70,7
2023-05-11,16,Thüringen,16071,LK Weimarer Land,3,3,0,NA,8,67,67,8
2023-05-12,16,Thüringen,16071,LK Weimarer Land,3,3,0,NA,3,74,74,3
2023-05-13,16,Thüringen,16071,LK Weimarer Land,3,3,0,NA,4,73,73,4
2023-05-14,16,Thüringen,16071,LK Weimarer Land,3,3,1,NA,11,64,64,11
2023-05-15,16,Thüringen,16071,LK Weimarer Land,3,3,1,NA,8,65,65,8
2023-05-16,16,Thüringen,16071,LK Weimarer Land,3,3,1,NA,9,66,66,9
2023-05-17,16,Thüringen,16071,LK Weimarer Land,3,3,1,NA,3,72,72,3
2023-05-18,16,Thüringen,16071,LK Weimarer Land,3,3,1,NA,8,67,67,8
2023-05-19,16,Thüringen,16071,LK Weimarer Land,3,3,0,NA,14,59,59,14
2023-05-20,16,Thüringen,16071,LK Weimarer Land,3,3,0,NA,11,58,58,11
2023-05-21,16,Thüringen,16071,LK Weimarer Land,3,3,0,NA,12,57,57,12
2023-05-22,16,Thüringen,16071,LK Weimarer Land,3,3,0,NA,15,54,54,15
2023-05-23,16,Thüringen,16071,LK Weimarer Land,3,3,0,NA,7,66,66,7
2023-05-24,16,Thüringen,16071,LK Weimarer Land,3,3,0,NA,8,67,67,8
2023-05-25,16,Thüringen,16071,LK Weimarer Land,3,3,0,NA,10,67,67,10
2023-05-26,16,Thüringen,16071,LK Weimarer Land,3,3,0,NA,12,65,65,12
2023-05-27,16,Thüringen,16071,LK Weimarer Land,3,3,0,NA,11,66,66,11
2023-05-28,16,Thüringen,16071,LK Weimarer Land,3,3,0,NA,8,69,69,8
2023-05-29,16,Thüringen,16071,LK Weimarer Land,3,3,0,NA,7,68,68,7
2023-05-30,16,Thüringen,16071,LK Weimarer Land,3,3,0,NA,8,69,69,8
2023-05-31,16,Thüringen,16071,LK Weimarer Land,3,3,0,NA,9,70,70,9
2023-06-01,16,Thüringen,16071,LK Weimarer Land,3,3,0,NA,15,64,64,15
2023-06-02,16,Thüringen,16071,LK Weimarer Land,3,3,0,NA,8,73,73,8
2023-06-03,16,Thüringen,16071,LK Weimarer Land,3,3,1,NA,14,67,67,14
2023-06-04,16,Thüringen,16071,LK Weimarer Land,3,3,1,NA,18,59,59,18
2023-06-05,16,Thüringen,16071,LK Weimarer Land,3,3,1,NA,19,58,58,19
2023-06-06,16,Thüringen,16071,LK Weimarer Land,3,3,0,NA,9,64,64,9
2023-06-07,16,Thüringen,16071,LK Weimarer Land,3,3,0,NA,8,67,67,8
2023-06-08,16,Thüringen,16071,LK Weimarer Land,3,3,0,NA,7,68,68,7
2023-06-09,16,Thüringen,16071,LK Weimarer Land,3,3,0,NA,5,72,72,5
2023-06-10,16,Thüringen,16071,LK Weimarer Land,3,3,0,NA,7,70,70,7
2023-06-11,16,Thüringen,16071,LK Weimarer Land,3,3,0,NA,9,64,64,9
2023-06-12,16,Thüringen,16071,LK Weimarer Land,3,3,0,NA,12,61,61,12
2023-06-13,16,Thüringen,16071,LK Weimarer Land,3,3,0,NA,8,70,70,8
2023-06-14,16,Thüringen,16071,LK Weimarer Land,3,3,0,NA,6,72,72,6
2023-06-15,16,Thüringen,16071,LK Weimarer Land,3,3,0,NA,8,68,68,8
2023-06-16,16,Thüringen,16071,LK Weimarer Land,3,3,0,NA,8,72,72,8
2023-06-17,16,Thüringen,16071,LK Weimarer Land,3,3,0,NA,6,74,74,6
2023-06-18,16,Thüringen,16071,LK Weimarer Land,3,3,0,NA,13,64,64,13
2023-06-19,16,Thüringen,16071,LK Weimarer Land,3,3,0,NA,12,63,63,12
2023-06-20,16,Thüringen,16071,LK Weimarer Land,3,3,0,NA,11,66,66,11
2023-06-21,16,Thüringen,16071,LK Weimarer Land,3,3,0,NA,7,75,75,7
2023-06-22,16,Thüringen,16071,LK Weimarer Land,3,3,0,NA,10,71,71,10
2023-06-23,16,Thüringen,16071,LK Weimarer Land,3,3,0,NA,12,69,69,12
2023-06-24,16,Thüringen,16071,LK Weimarer Land,3,3,0,NA,8,68,68,8
2023-06-25,16,Thüringen,16071,LK Weimarer Land,3,3,0,NA,9,62,62,9
2023-06-26,16,Thüringen,16071,LK Weimarer Land,3,3,0,NA,15,60,60,15
2023-06-27,16,Thüringen,16071,LK Weimarer Land,3,3,0,NA,11,68,68,11
2023-06-28,16,Thüringen,16071,LK Weimarer Land,3,3,0,NA,12,67,67,12
2023-06-29,16,Thüringen,16071,LK Weimarer Land,3,3,0,NA,11,68,68,11
2023-06-30,16,Thüringen,16071,LK Weimarer Land,3,3,0,NA,10,69,69,10
2023-07-01,16,Thüringen,16071,LK Weimarer Land,3,3,0,NA,11,68,68,11
2023-07-02,16,Thüringen,16071,LK Weimarer Land,3,3,0,NA,13,66,66,13
2023-07-03,16,Thüringen,16071,LK Weimarer Land,3,3,0,NA,17,62,62,17
2023-07-04,16,Thüringen,16071,LK Weimarer Land,3,3,0,NA,11,66,66,11
2023-07-05,16,Thüringen,16071,LK Weimarer Land,3,3,0,NA,12,67,67,12
2023-07-06,16,Thüringen,16071,LK Weimarer Land,3,3,0,NA,11,68,68,11
2023-07-07,16,Thüringen,16071,LK Weimarer Land,3,3,0,NA,5,74,74,5
2023-07-08,16,Thüringen,16071,LK Weimarer Land,3,3,0,NA,4,73,73,4
2023-07-09,16,Thüringen,16071,LK Weimarer Land,3,3,0,NA,19,58,58,19
2023-07-10,16,Thüringen,16071,LK Weimarer Land,3,3,0,NA,14,55,55,14
2023-07-11,16,Thüringen,16071,LK Weimarer Land,3,3,0,NA,6,65,65,6
2023-07-12,16,Thüringen,16071,LK Weimarer Land,3,3,0,NA,6,69,69,6
2023-07-13,16,Thüringen,16071,LK Weimarer Land,3,3,0,NA,10,65,65,10
2023-07-14,16,Thüringen,16071,LK Weimarer Land,3,3,0,NA,8,69,69,8
2023-07-15,16,Thüringen,16071,LK Weimarer Land,3,3,0,NA,10,65,65,10
2023-07-16,16,Thüringen,16071,LK Weimarer Land,3,3,0,NA,8,59,59,8
2023-07-17,16,Thüringen,16071,LK Weimarer Land,3,3,0,NA,10,57,57,10
2023-07-18,16,Thüringen,16071,LK Weimarer Land,3,3,0,NA,8,58,58,8
2023-07-19,16,Thüringen,16071,LK Weimarer Land,3,3,0,NA,8,60,60,8
2023-07-20,16,Thüringen,16071,LK Weimarer Land,3,3,0,NA,6,65,65,6
2023-07-21,16,Thüringen,16071,LK Weimarer Land,3,3,0,NA,2,69,69,2
2023-07-22,16,Thüringen,16071,LK Weimarer Land,3,3,0,NA,2,72,72,2
2023-07-23,16,Thüringen,16071,LK Weimarer Land,3,3,0,NA,9,66,66,9
2023-07-24,16,Thüringen,16071,LK Weimarer Land,3,3,0,NA,9,63,63,9
2023-07-25,16,Thüringen,16071,LK Weimarer Land,3,3,0,NA,10,62,62,10
2023-07-26,16,Thüringen,16071,LK Weimarer Land,3,3,0,NA,7,68,68,7
2023-07-27,16,Thüringen,16071,LK Weimarer Land,3,3,0,NA,6,72,72,6
2023-07-28,16,Thüringen,16071,LK Weimarer Land,3,3,0,NA,12,66,66,12
2023-07-29,16,Thüringen,16071,LK Weimarer Land,3,3,0,NA,7,61,61,7
2023-07-30,16,Thüringen,16071,LK Weimarer Land,3,3,0,NA,6,60,60,6
2023-07-31,16,Thüringen,16071,LK Weimarer Land,3,3,0,NA,14,58,58,14
2023-08-01,16,Thüringen,16071,LK Weimarer Land,3,3,0,NA,14,59,59,14
2023-08-02,16,Thüringen,16071,LK Weimarer Land,3,3,0,NA,11,66,66,11
2023-08-03,16,Thüringen,16071,LK Weimarer Land,3,3,0,NA,7,74,74,7
2023-08-04,16,Thüringen,16071,LK Weimarer Land,3,3,0,NA,6,76,76,6
2023-08-05,16,Thüringen,16071,LK Weimarer Land,3,3,0,NA,12,70,70,12
2023-08-06,16,Thüringen,16071,LK Weimarer Land,3,3,0,NA,11,66,66,11
2023-08-07,16,Thüringen,16071,LK Weimarer Land,3,3,0,NA,15,62,62,15
2023-08-08,16,Thüringen,16071,LK Weimarer Land,3,3,0,NA,12,65,65,12
2023-08-09,16,Thüringen,16071,LK Weimarer Land,3,3,0,NA,9,69,69,9
2023-08-10,16,Thüringen,16071,LK Weimarer Land,3,3,0,NA,10,68,68,10
2023-08-11,16,Thüringen,16071,LK Weimarer Land,3,3,0,NA,7,71,71,7
2023-08-12,16,Thüringen,16071,LK Weimarer Land,3,3,0,NA,14,64,64,14
2023-08-13,16,Thüringen,16071,LK Weimarer Land,3,3,0,NA,17,61,61,17
2023-08-14,16,Thüringen,16071,LK Weimarer Land,3,3,0,NA,13,65,65,13
2023-08-15,16,Thüringen,16071,LK Weimarer Land,3,3,0,NA,13,65,65,13
2023-08-16,16,Thüringen,16071,LK Weimarer Land,3,3,0,NA,9,67,67,9
2023-08-17,16,Thüringen,16071,LK Weimarer Land,3,3,0,NA,7,72,72,7
2023-08-18,16,Thüringen,16071,LK Weimarer Land,3,3,0,NA,8,71,71,8
2023-08-19,16,Thüringen,16071,LK Weimarer Land,3,3,0,NA,5,68,68,5
2023-08-20,16,Thüringen,16071,LK Weimarer Land,3,3,0,NA,7,66,66,7
2023-08-21,16,Thüringen,16071,LK Weimarer Land,3,3,0,NA,6,71,71,6
2023-08-22,16,Thüringen,16071,LK Weimarer Land,3,3,0,NA,6,75,75,6
2023-08-23,16,Thüringen,16071,LK Weimarer Land,3,3,0,NA,10,71,71,10
2023-08-24,16,Thüringen,16071,LK Weimarer Land,3,3,0,NA,5,78,78,5
2023-08-25,16,Thüringen,16071,LK Weimarer Land,3,3,0,NA,9,72,72,9
2023-08-26,16,Thüringen,16071,LK Weimarer Land,3,3,0,NA,11,70,70,11
2023-08-27,16,Thüringen,16071,LK Weimarer Land,3,3,0,NA,9,68,68,9
2023-08-28,16,Thüringen,16071,LK Weimarer Land,3,3,0,NA,11,64,64,11
2023-08-29,16,Thüringen,16071,LK Weimarer Land,3,3,0,NA,12,63,63,12
2023-08-30,16,Thüringen,16071,LK Weimarer Land,3,3,0,NA,11,70,70,11
2023-08-31,16,Thüringen,16071,LK Weimarer Land,3,3,0,NA,11,73,73,11
2023-09-01,16,Thüringen,16071,LK Weimarer Land,3,3,0,NA,17,67,67,17
2023-09-02,16,Thüringen,16071,LK Weimarer Land,3,3,0,NA,11,68,68,11
2023-09-03,16,Thüringen,16071,LK Weimarer Land,3,3,0,NA,8,71,71,8
2023-09-04,16,Thüringen,16071,LK Weimarer Land,3,3,0,NA,12,67,67,12
2023-09-05,16,Thüringen,16071,LK Weimarer Land,3,3,0,NA,10,69,69,10
2023-09-06,16,Thüringen,16071,LK Weimarer Land,3,3,0,NA,10,70,70,10
2023-09-07,16,Thüringen,16071,LK Weimarer Land,3,3,0,NA,8,73,73,8
2023-09-08,16,Thüringen,16071,LK Weimarer Land,3,3,0,NA,11,70,70,11
2023-09-09,16,Thüringen,16071,LK Weimarer Land,3,3,0,NA,6,73,73,6
2023-09-10,16,Thüringen,16071,LK Weimarer Land,3,3,0,NA,17,62,62,17
2023-09-11,16,Thüringen,16071,LK Weimarer Land,3,3,0,NA,15,60,60,15
2023-09-12,16,Thüringen,16071,LK Weimarer Land,3,3,0,NA,14,63,63,14
2023-09-13,16,Thüringen,16071,LK Weimarer Land,3,3,0,NA,5,70,70,5
2023-09-14,16,Thüringen,16071,LK Weimarer Land,3,3,0,NA,6,72,72,6
2023-09-15,16,Thüringen,16071,LK Weimarer Land,3,3,0,NA,11,69,69,11
2023-09-16,16,Thüringen,16071,LK Weimarer Land,3,3,0,NA,7,70,70,7
2023-09-17,16,Thüringen,16071,LK Weimarer Land,3,3,0,NA,9,68,68,9
2023-09-18,16,Thüringen,16071,LK Weimarer Land,3,3,0,NA,9,66,66,9
2023-09-19,16,Thüringen,16071,LK Weimarer Land,3,3,0,NA,11,66,66,11
2023-09-20,16,Thüringen,16071,LK Weimarer Land,3,3,0,NA,8,67,67,8
2023-09-21,16,Thüringen,16071,LK Weimarer Land,3,3,1,NA,13,62,62,13
2023-09-22,16,Thüringen,16071,LK Weimarer Land,3,3,1,NA,7,68,68,7
2023-09-23,16,Thüringen,16071,LK Weimarer Land,3,3,1,NA,6,69,69,6
2023-09-24,16,Thüringen,16071,LK Weimarer Land,3,3,1,NA,11,64,64,11
2023-09-25,16,Thüringen,16071,LK Weimarer Land,3,3,0,NA,15,62,62,15
2023-09-26,16,Thüringen,16071,LK Weimarer Land,3,3,0,NA,11,66,66,11
2023-09-27,16,Thüringen,16071,LK Weimarer Land,3,3,0,NA,4,73,73,4
2023-09-28,16,Thüringen,16071,LK Weimarer Land,3,3,0,NA,5,68,68,5
2023-09-29,16,Thüringen,16071,LK Weimarer Land,3,3,0,NA,4,70,70,4
2023-09-30,16,Thüringen,16071,LK Weimarer Land,3,3,0,NA,2,65,65,2
2023-10-01,16,Thüringen,16071,LK Weimarer Land,3,3,0,NA,7,60,60,7
2023-10-02,16,Thüringen,16071,LK Weimarer Land,3,3,0,NA,16,55,55,16
2023-10-03,16,Thüringen,16071,LK Weimarer Land,3,3,0,NA,6,65,65,6
2023-10-04,16,Thüringen,16071,LK Weimarer Land,3,3,0,NA,15,56,56,15
2023-10-05,16,Thüringen,16071,LK Weimarer Land,3,3,0,NA,10,63,63,10
2023-10-06,16,Thüringen,16071,LK Weimarer Land,3,3,0,NA,4,72,72,4
2023-10-07,16,Thüringen,16071,LK Weimarer Land,3,3,0,NA,7,67,67,7
2023-10-08,16,Thüringen,16071,LK Weimarer Land,3,3,1,NA,6,66,66,6
2023-10-09,16,Thüringen,16071,LK Weimarer Land,3,3,1,NA,8,64,64,8
2023-10-10,16,Thüringen,16071,LK Weimarer Land,3,3,0,NA,8,64,64,8
2023-10-11,16,Thüringen,16071,LK Weimarer Land,3,3,0,NA,6,68,68,6
2023-10-12,16,Thüringen,16071,LK Weimarer Land,3,3,0,NA,9,65,65,9
2023-10-13,16,Thüringen,16071,LK Weimarer Land,3,3,0,NA,9,64,64,9
2023-10-14,16,Thüringen,16071,LK Weimarer Land,3,3,0,NA,8,65,65,8
2023-10-15,16,Thüringen,16071,LK Weimarer Land,3,3,0,NA,14,55,55,14
2023-10-16,16,Thüringen,16071,LK Weimarer Land,3,3,0,NA,10,59,59,10
2023-10-17,16,Thüringen,16071,LK Weimarer Land,3,3,0,NA,6,67,67,6
2023-10-18,16,Thüringen,16071,LK Weimarer Land,3,3,0,NA,5,68,68,5
2023-10-19,16,Thüringen,16071,LK Weimarer Land,3,3,0,NA,7,67,67,7
2023-10-20,16,Thüringen,16071,LK Weimarer Land,3,3,0,NA,11,62,62,11
2023-10-21,16,Thüringen,16071,LK Weimarer Land,3,3,0,NA,9,64,64,9
2023-10-22,16,Thüringen,16071,LK Weimarer Land,3,3,0,NA,13,60,60,13
2023-10-23,16,Thüringen,16071,LK Weimarer Land,3,3,0,NA,15,58,58,15
2023-10-24,16,Thüringen,16071,LK Weimarer Land,3,3,0,NA,6,67,67,6
2023-10-25,16,Thüringen,16071,LK Weimarer Land,3,3,0,NA,12,61,61,12
2023-10-26,16,Thüringen,16071,LK Weimarer Land,3,3,0,NA,7,68,68,7
2023-10-27,16,Thüringen,16071,LK Weimarer Land,3,3,1,NA,5,73,73,5
2023-10-28,16,Thüringen,16071,LK Weimarer Land,3,3,1,NA,5,72,72,5
2023-10-29,16,Thüringen,16071,LK Weimarer Land,3,3,1,NA,9,64,64,9
2023-10-30,16,Thüringen,16071,LK Weimarer Land,3,3,3,NA,6,67,67,6
2023-10-31,16,Thüringen,16071,LK Weimarer Land,3,3,3,NA,4,69,69,4
2023-11-01,16,Thüringen,16071,LK Weimarer Land,3,3,3,NA,6,67,67,6
2023-11-02,16,Thüringen,16071,LK Weimarer Land,3,3,2,NA,4,75,75,4
2023-11-03,16,Thüringen,16071,LK Weimarer Land,3,3,4,NA,3,76,76,3
2023-11-04,16,Thüringen,16071,LK Weimarer Land,3,3,3,NA,4,78,78,4
2023-11-05,16,Thüringen,16071,LK Weimarer Land,3,3,4,NA,4,74,74,4
2023-11-06,16,Thüringen,16071,LK Weimarer Land,3,3,3,NA,10,68,68,10
2023-11-07,16,Thüringen,16071,LK Weimarer Land,3,3,3,NA,10,68,68,10
2023-11-08,16,Thüringen,16071,LK Weimarer Land,3,3,3,NA,11,67,67,11
2023-11-09,16,Thüringen,16071,LK Weimarer Land,3,3,4,1,7,71,71,7
2023-11-10,16,Thüringen,16071,LK Weimarer Land,3,3,2,1,4,73,73,4
2023-11-11,16,Thüringen,16071,LK Weimarer Land,3,3,1,1,8,69,69,8
2023-11-12,16,Thüringen,16071,LK Weimarer Land,3,3,2,2,8,69,69,8
2023-11-13,16,Thüringen,16071,LK Weimarer Land,3,3,2,2,12,65,65,12
2023-11-14,16,Thüringen,16071,LK Weimarer Land,3,3,4,1,3,73,73,3
2023-11-15,16,Thüringen,16071,LK Weimarer Land,3,3,5,1,5,72,72,5
2023-11-16,16,Thüringen,16071,LK Weimarer Land,3,3,4,1,4,75,75,4
2023-11-17,16,Thüringen,16071,LK Weimarer Land,3,3,4,1,1,74,74,1
2023-11-18,16,Thüringen,16071,LK Weimarer Land,3,3,5,1,4,72,72,4
2023-11-19,16,Thüringen,16071,LK Weimarer Land,3,3,5,1,6,64,64,6
2023-11-20,16,Thüringen,16071,LK Weimarer Land,3,3,5,1,4,67,67,4
2023-11-21,16,Thüringen,16071,LK Weimarer Land,3,3,2,1,11,62,62,11
2023-11-22,16,Thüringen,16071,LK Weimarer Land,3,3,2,1,12,64,64,12
2023-11-23,16,Thüringen,16071,LK Weimarer Land,3,3,2,1,7,68,68,7
2023-11-24,16,Thüringen,16071,LK Weimarer Land,3,3,3,1,5,71,71,5
2023-11-25,16,Thüringen,16071,LK Weimarer Land,3,3,2,1,4,72,72,4
2023-11-26,16,Thüringen,16071,LK Weimarer Land,3,3,4,1,6,70,70,6
2023-11-27,16,Thüringen,16071,LK Weimarer Land,3,3,2,1,6,67,67,6
2023-11-28,16,Thüringen,16071,LK Weimarer Land,3,3,2,0,9,68,68,9
2023-11-29,16,Thüringen,16071,LK Weimarer Land,3,3,3,0,9,70,70,9
2023-11-30,16,Thüringen,16071,LK Weimarer Land,3,3,2,0,5,74,74,5
2023-12-01,16,Thüringen,16071,LK Weimarer Land,3,3,2,NA,5,70,70,5
2023-12-02,16,Thüringen,16071,LK Weimarer Land,3,3,2,NA,9,66,66,9
2023-12-03,16,Thüringen,16071,LK Weimarer Land,3,3,2,NA,7,66,66,7
2023-12-04,16,Thüringen,16071,LK Weimarer Land,3,3,2,NA,9,64,64,9
2023-12-05,16,Thüringen,16071,LK Weimarer Land,3,3,2,1,7,66,66,7
2023-12-06,16,Thüringen,16071,LK Weimarer Land,3,3,1,1,9,64,64,9
2023-12-07,16,Thüringen,16071,LK Weimarer Land,3,3,1,1,8,65,65,8
2023-12-08,16,Thüringen,16071,LK Weimarer Land,3,3,2,NA,7,68,68,7
2023-12-09,16,Thüringen,16071,LK Weimarer Land,3,3,7,1,9,64,64,9
2023-12-10,16,Thüringen,16071,LK Weimarer Land,3,3,6,1,14,59,59,14
2023-12-11,16,Thüringen,16071,LK Weimarer Land,3,3,6,1,13,58,58,13
2023-12-12,16,Thüringen,16071,LK Weimarer Land,3,3,5,1,10,65,65,10
2023-12-13,16,Thüringen,16071,LK Weimarer Land,3,3,3,0,4,75,75,4
2023-12-14,16,Thüringen,16071,LK Weimarer Land,3,3,3,1,7,72,72,7
2023-12-15,16,Thüringen,16071,LK Weimarer Land,3,3,3,1,4,71,71,4
2023-12-16,16,Thüringen,16071,LK Weimarer Land,3,3,4,2,5,70,70,5
2023-12-17,16,Thüringen,16071,LK Weimarer Land,3,3,4,2,6,69,69,6
2023-12-18,16,Thüringen,16071,LK Weimarer Land,3,3,4,2,7,64,64,7
2023-12-19,16,Thüringen,16071,LK Weimarer Land,3,3,4,2,4,67,67,4
2023-12-20,16,Thüringen,16071,LK Weimarer Land,3,3,4,2,3,68,68,3
2023-12-21,16,Thüringen,16071,LK Weimarer Land,3,3,2,2,10,61,61,10
2023-12-22,16,Thüringen,16071,LK Weimarer Land,3,3,1,0,12,58,58,12
2023-12-23,16,Thüringen,16071,LK Weimarer Land,3,3,2,0,8,64,64,8
2023-12-24,16,Thüringen,16071,LK Weimarer Land,3,3,3,0,10,62,62,10
2023-12-25,16,Thüringen,16071,LK Weimarer Land,3,3,3,0,8,64,64,8
2023-12-26,16,Thüringen,16071,LK Weimarer Land,3,3,2,NA,11,61,61,11
2023-12-27,16,Thüringen,16071,LK Weimarer Land,3,3,2,NA,13,59,59,13
2023-12-28,16,Thüringen,16071,LK Weimarer Land,3,3,2,NA,12,60,60,12
2023-12-29,16,Thüringen,16071,LK Weimarer Land,3,3,0,NA,12,58,58,12
2023-12-30,16,Thüringen,16071,LK Weimarer Land,3,3,0,NA,10,56,56,10
2023-12-31,16,Thüringen,16071,LK Weimarer Land,3,3,1,NA,11,55,55,11
2024-01-01,16,Thüringen,16071,LK Weimarer Land,3,3,0,NA,10,56,56,10
2024-01-02,16,Thüringen,16071,LK Weimarer Land,3,3,0,NA,9,57,57,9
2024-01-03,16,Thüringen,16071,LK Weimarer Land,3,3,0,NA,4,61,61,4
2024-01-04,16,Thüringen,16071,LK Weimarer Land,3,3,0,NA,8,67,67,8
2024-01-05,16,Thüringen,16071,LK Weimarer Land,3,3,1,NA,8,67,67,8
2024-01-06,16,Thüringen,16071,LK Weimarer Land,3,3,1,NA,8,67,67,8
2024-01-07,16,Thüringen,16071,LK Weimarer Land,3,3,1,NA,12,61,61,12
2024-01-08,16,Thüringen,16071,LK Weimarer Land,3,3,1,NA,12,61,61,12
2024-01-09,16,Thüringen,16071,LK Weimarer Land,3,3,1,NA,5,68,68,5
2024-01-10,16,Thüringen,16071,LK Weimarer Land,3,3,0,NA,5,74,74,5
2024-01-11,16,Thüringen,16071,LK Weimarer Land,3,3,1,1,7,77,77,7
2024-01-12,16,Thüringen,16071,LK Weimarer Land,3,3,1,1,6,75,75,6
2024-01-13,16,Thüringen,16071,LK Weimarer Land,3,3,1,1,12,69,69,12
2024-01-14,16,Thüringen,16071,LK Weimarer Land,3,3,1,1,16,65,65,16
2024-01-15,16,Thüringen,16071,LK Weimarer Land,3,3,0,NA,14,61,61,14
2024-01-16,16,Thüringen,16071,LK Weimarer Land,3,3,1,0,8,73,73,8
2024-01-17,16,Thüringen,16071,LK Weimarer Land,3,3,1,0,8,78,78,8
2024-01-18,16,Thüringen,16071,LK Weimarer Land,3,3,2,0,7,76,76,7
2024-01-19,16,Thüringen,16071,LK Weimarer Land,3,3,2,0,5,81,81,5
2024-01-20,16,Thüringen,16071,LK Weimarer Land,3,3,2,0,9,74,74,9
2024-01-21,16,Thüringen,16071,LK Weimarer Land,3,3,1,0,12,67,67,12
2024-01-22,16,Thüringen,16071,LK Weimarer Land,3,3,0,NA,9,70,70,9
2024-01-23,16,Thüringen,16071,LK Weimarer Land,3,3,0,NA,6,75,75,6
2024-01-24,16,Thüringen,16071,LK Weimarer Land,3,3,0,NA,6,79,79,6
2024-01-25,16,Thüringen,16071,LK Weimarer Land,3,3,0,NA,7,84,84,7
2024-01-26,16,Thüringen,16071,LK Weimarer Land,3,3,0,NA,8,79,79,8
2024-01-27,16,Thüringen,16071,LK Weimarer Land,3,3,0,NA,6,74,74,6
2024-01-28,16,Thüringen,16071,LK Weimarer Land,3,3,0,NA,10,68,68,10
2024-01-29,16,Thüringen,16071,LK Weimarer Land,3,3,0,NA,7,72,72,7
2024-01-30,16,Thüringen,16071,LK Weimarer Land,3,3,0,NA,8,71,71,8
2024-01-31,16,Thüringen,16071,LK Weimarer Land,3,3,0,NA,2,81,81,2
2024-02-01,16,Thüringen,16071,LK Weimarer Land,3,3,0,NA,4,81,81,4
2024-02-02,16,Thüringen,16071,LK Weimarer Land,3,3,0,NA,9,76,76,9
2024-02-03,16,Thüringen,16071,LK Weimarer Land,3,3,0,NA,8,71,71,8
2024-02-04,16,Thüringen,16071,LK Weimarer Land,3,3,0,NA,7,67,67,7
2024-02-05,16,Thüringen,16071,LK Weimarer Land,3,3,0,NA,6,67,67,6
2024-02-06,16,Thüringen,16071,LK Weimarer Land,3,3,0,NA,7,74,74,7
2024-02-07,16,Thüringen,16071,LK Weimarer Land,3,3,0,NA,9,74,74,9
2024-02-08,16,Thüringen,16071,LK Weimarer Land,3,3,1,0,9,72,72,9
2024-02-09,16,Thüringen,16071,LK Weimarer Land,3,3,0,NA,6,75,75,6
2024-02-10,16,Thüringen,16071,LK Weimarer Land,3,3,0,NA,13,64,64,13
2024-02-11,16,Thüringen,16071,LK Weimarer Land,3,3,0,NA,12,65,65,12
2024-02-12,16,Thüringen,16071,LK Weimarer Land,3,3,0,NA,19,60,60,19
2024-02-13,16,Thüringen,16071,LK Weimarer Land,3,3,0,NA,17,64,64,17
2024-02-14,16,Thüringen,16071,LK Weimarer Land,3,3,0,NA,12,69,69,12
2024-02-15,16,Thüringen,16071,LK Weimarer Land,3,3,0,NA,9,72,72,9
2024-02-16,16,Thüringen,16071,LK Weimarer Land,3,3,0,NA,10,71,71,10
2024-02-17,16,Thüringen,16071,LK Weimarer Land,3,3,0,NA,11,68,68,11
2024-02-18,16,Thüringen,16071,LK Weimarer Land,3,3,0,NA,10,65,65,10
2024-02-19,16,Thüringen,16071,LK Weimarer Land,3,3,0,NA,12,63,63,12
2024-02-20,16,Thüringen,16071,LK Weimarer Land,3,3,0,NA,14,61,61,14
2024-02-21,16,Thüringen,16071,LK Weimarer Land,3,3,1,0,6,74,74,6
2024-02-22,16,Thüringen,16071,LK Weimarer Land,3,3,1,0,6,74,74,6
2024-02-23,16,Thüringen,16071,LK Weimarer Land,3,3,1,0,10,74,74,10
2024-02-24,16,Thüringen,16071,LK Weimarer Land,3,3,0,NA,11,73,73,11
2024-02-25,16,Thüringen,16071,LK Weimarer Land,3,3,0,NA,15,69,69,15
2024-02-26,16,Thüringen,16071,LK Weimarer Land,3,3,0,NA,17,67,67,17
2024-02-27,16,Thüringen,16071,LK Weimarer Land,3,3,0,NA,11,73,73,11
2024-02-28,16,Thüringen,16071,LK Weimarer Land,3,3,0,NA,7,80,80,7
2024-02-29,16,Thüringen,16071,LK Weimarer Land,3,3,0,NA,4,83,83,4
2024-03-01,16,Thüringen,16071,LK Weimarer Land,3,3,0,NA,7,76,76,7
2024-03-02,16,Thüringen,16071,LK Weimarer Land,3,3,0,NA,6,75,75,6
2024-03-03,16,Thüringen,16071,LK Weimarer Land,3,3,0,NA,8,65,65,8
2024-03-04,16,Thüringen,16071,LK Weimarer Land,3,3,0,NA,12,65,65,12
2024-03-05,16,Thüringen,16071,LK Weimarer Land,3,3,0,NA,11,71,71,11
2024-03-06,16,Thüringen,16071,LK Weimarer Land,3,3,0,NA,8,76,76,8
2024-03-07,16,Thüringen,16071,LK Weimarer Land,3,3,0,NA,9,74,74,9
2024-03-08,16,Thüringen,16071,LK Weimarer Land,3,3,0,NA,8,76,76,8
2024-03-09,16,Thüringen,16071,LK Weimarer Land,3,3,0,NA,8,76,76,8
2024-03-10,16,Thüringen,16071,LK Weimarer Land,3,3,0,NA,10,74,74,10
2024-03-11,16,Thüringen,16071,LK Weimarer Land,3,3,0,NA,16,64,64,16
2024-03-12,16,Thüringen,16071,LK Weimarer Land,3,3,0,NA,8,69,69,8
2024-03-13,16,Thüringen,16071,LK Weimarer Land,3,3,0,NA,10,71,71,10
2024-03-14,16,Thüringen,16071,LK Weimarer Land,3,3,0,NA,5,79,79,5
2024-03-15,16,Thüringen,16071,LK Weimarer Land,3,3,0,NA,12,71,71,12
2024-03-16,16,Thüringen,16071,LK Weimarer Land,3,3,0,NA,10,76,76,10
2024-03-17,16,Thüringen,16071,LK Weimarer Land,3,3,0,NA,14,69,69,14
2024-03-18,16,Thüringen,16071,LK Weimarer Land,3,3,0,NA,15,68,68,15
2024-03-19,16,Thüringen,16071,LK Weimarer Land,3,3,0,NA,14,69,69,14
2024-03-20,16,Thüringen,16071,LK Weimarer Land,3,3,0,NA,8,74,74,8
2024-03-21,16,Thüringen,16071,LK Weimarer Land,3,3,0,NA,5,76,76,5
2024-03-22,16,Thüringen,16071,LK Weimarer Land,3,3,0,NA,5,76,76,5
2024-03-23,16,Thüringen,16071,LK Weimarer Land,3,3,0,NA,5,76,76,5
2024-03-24,16,Thüringen,16071,LK Weimarer Land,3,3,0,NA,6,75,75,6
2024-03-25,16,Thüringen,16071,LK Weimarer Land,3,3,0,NA,11,62,62,11
2024-03-26,16,Thüringen,16071,LK Weimarer Land,3,3,0,NA,7,72,72,7
2024-03-27,16,Thüringen,16071,LK Weimarer Land,3,3,0,NA,6,75,75,6
2024-03-28,16,Thüringen,16071,LK Weimarer Land,3,3,0,NA,11,70,70,11
2024-03-29,16,Thüringen,16071,LK Weimarer Land,3,3,0,NA,11,70,70,11
2024-03-30,16,Thüringen,16071,LK Weimarer Land,3,3,0,NA,11,72,72,11
2024-03-31,16,Thüringen,16071,LK Weimarer Land,3,3,0,NA,15,64,64,15
2024-04-01,16,Thüringen,16071,LK Weimarer Land,3,3,0,NA,16,63,63,16
2024-04-02,16,Thüringen,16071,LK Weimarer Land,3,3,0,NA,16,63,63,16
2024-04-03,16,Thüringen,16071,LK Weimarer Land,3,3,0,NA,16,63,63,16
2024-04-04,16,Thüringen,16071,LK Weimarer Land,3,3,0,NA,9,70,70,9
2024-04-05,16,Thüringen,16071,LK Weimarer Land,3,3,0,NA,7,72,72,7
2024-04-06,16,Thüringen,16071,LK Weimarer Land,3,3,0,NA,9,70,70,9
2024-04-07,16,Thüringen,16071,LK Weimarer Land,3,3,0,NA,9,70,70,9
2024-04-08,16,Thüringen,16071,LK Weimarer Land,3,3,0,NA,15,64,64,15
2024-04-09,16,Thüringen,16071,LK Weimarer Land,3,3,0,NA,7,72,72,7
2024-04-10,16,Thüringen,16071,LK Weimarer Land,3,3,0,NA,4,77,77,4
2024-04-11,16,Thüringen,16071,LK Weimarer Land,3,3,0,NA,9,73,73,9
2024-04-12,16,Thüringen,16071,LK Weimarer Land,3,3,0,NA,12,70,70,12
2024-04-13,16,Thüringen,16071,LK Weimarer Land,3,3,0,NA,6,75,75,6
2024-04-14,16,Thüringen,16071,LK Weimarer Land,3,3,0,NA,8,72,72,8
2024-04-15,16,Thüringen,16071,LK Weimarer Land,3,3,0,NA,14,64,64,14
2024-04-16,16,Thüringen,16071,LK Weimarer Land,3,3,0,NA,5,72,72,5
2024-04-17,16,Thüringen,16071,LK Weimarer Land,3,3,0,NA,5,74,74,5
2024-04-18,16,Thüringen,16071,LK Weimarer Land,3,3,0,NA,2,80,80,2
2024-04-19,16,Thüringen,16071,LK Weimarer Land,3,3,0,NA,3,78,78,3
